id,app_id,app_name,review_id,user_name,rating,thumbs_up,text,cleaned_text,language,review_date,app_version,source,created_at
6295,com.dd.doordash,DoorDash,68c1b29a-6d8a-4714-a2f2-f221d642a0b5,Debbie Vaughan,2,0,way too many fees. $10 per order is ridiculous,way too many fees. $10 per order is ridiculous,en,2026-08-17,15.288.3,scrape,2026-09-22 19:21:35
6264,com.dd.doordash,DoorDash,1a2b6d4b-bc36-4248-bbc4-fd33351cc5c2,Chicken Little,5,0,Great app to use and be able to get order in different places.,Great app to use and be able to get order in different places.,en,2026-08-17,15.288.3,scrape,2026-09-22 19:21:35
6324,com.dd.doordash,DoorDash,c45c75cb-5557-406b-9dc0-c77ad9302439,Osama Abdou,5,0,it's amazing and they are way effect in delivering everything,it's amazing and they are way effect in delivering everything,en,2026-08-17,15.288.3,scrape,2026-09-22 19:21:35
6300,com.dd.doordash,DoorDash,4de25ee5-faa5-488d-a91d-2c319ba755bd,chris claudio,1,1,they post stores online that are already closed and list them as open but when you can't pick up your food they decline your refund and rob you of your money screw door dash go through uber I haven't had problems with them,they post stores online that are already closed and list them as open but when you can't pick up your food they decline your refund and rob you of your money screw door dash go through uber I haven't had problems with them,en,2026-08-17,15.287.3,scrape,2026-09-22 19:21:35
6241,com.dd.doordash,DoorDash,974c96c0-a023-40b9-9d22-28ff5b2914d1,Coleen Lee,5,0,Always great‼️,Always great:double_exclamation_mark:,en,2026-08-18,15.268.4,scrape,2026-09-22 19:21:35
6216,com.dd.doordash,DoorDash,72294476-ec90-455d-a584-b1422565b495,Tyler Nicolaidis,4,0,Get 🪨'ed and just order the food to the house. Its just gooder then most.,Get :rock:'ed and just order the food to the house. Its just gooder then most.,en,2026-08-18,15.288.3,scrape,2026-09-22 19:21:35
6181,com.dd.doordash,DoorDash,4928b4a4-9eb1-407e-9018-2e3b135f5f43,Juan Viera,3,0,app froze payment processing,app froze payment processing,en,2026-08-18,15.288.3,scrape,2026-09-22 19:21:35
6254,com.dd.doordash,DoorDash,f33d0f41-2eeb-42b0-80e4-6567fca29d30,Cameron Oman,1,0,"I ordered from a restaurant about 12 minutes away. A dasher was assigned and told me my food wasn't ready and that he was going to the store. 5 minutes later another dasher messaged my food wasn't ready, but then they checked with staff and my food was already taken, at no point in this process did my food ever even say it was ready to be picked up. My order was then cancelled and after 2 days I still have not been refunded the money. DO NOT use if you want what you paid for","I ordered from a restaurant about 12 minutes away. A dasher was assigned and told me my food wasn't ready and that he was going to the store. 5 minutes later another dasher messaged my food wasn't ready, but then they checked with staff and my food was already taken, at no point in this process did my food ever even say it was ready to be picked up. My order was then cancelled and after 2 days I still have not been refunded the money. DO NOT use if you want what you paid for",en,2026-08-18,,scrape,2026-09-22 19:21:35
6121,com.dd.doordash,DoorDash,de6a3464-3c91-48fe-a4dd-cf89733c37a1,Scott,2,0,too hard to edit payment method,too hard to edit payment method,en,2026-08-19,15.288.3,scrape,2026-09-22 19:21:35
6101,com.dd.doordash,DoorDash,87074315-d277-450c-8fdf-3d8e34aeecdc,Tara H.,1,0,"Horrible app, horrible corporation","Horrible app, horrible corporation",en,2026-08-19,15.204.4,scrape,2026-09-22 19:21:35
6141,com.dd.doordash,DoorDash,e2ff1daf-4a54-4348-9e4c-c6a04a2e2ea7,Dedric Hardister,4,0,good but lower dem taxes a luh more,good but lower dem taxes a luh more,en,2026-08-19,15.288.3,scrape,2026-09-22 19:21:35
6147,com.dd.doordash,DoorDash,43cbcab0-a733-44fc-a0af-5d4005e93ef8,Jackson Jue,2,0,canceled dashpass until the map and pickup are restored.,canceled dashpass until the map and pickup are restored.,en,2026-08-19,15.288.3,scrape,2026-09-22 19:21:35
5950,com.dd.doordash,DoorDash,ad43fd02-f2e7-4e0b-970d-e70516b88013,Khai Yang,2,1,We should be able to cancel tips if the service is bad or the dasher was being rude or not following instructions.,We should be able to cancel tips if the service is bad or the dasher was being rude or not following instructions.,en,2026-08-21,15.289.7,scrape,2026-09-22 19:21:35
5967,com.dd.doordash,DoorDash,a8a219ae-6c79-4725-990c-1bcb324e895b,charli toms,5,0,yummy food,yummy food,en,2026-08-21,15.289.7,scrape,2026-09-22 19:21:35
6003,com.dd.doordash,DoorDash,afdcb9c0-291f-442d-a028-58fe37f84659,Katiejo Blaisdell,5,0,hell yeah yeah,hell yeah yeah,en,2026-08-21,15.288.3,scrape,2026-09-22 19:21:35
5932,com.dd.doordash,DoorDash,b2c0f9a5-c19d-4c62-a479-0c805c1ed44a,Edyth Chamblee,2,0,They don't have knowledgeable people to deliver to the office it's not working for me. Pl ease close account.,They don't have knowledgeable people to deliver to the office it's not working for me. Pl ease close account.,en,2026-08-21,15.279.5,scrape,2026-09-22 19:21:35
5935,com.dd.doordash,DoorDash,cbb90a4d-d1bc-43c8-8faf-e8d3310254f7,Tiffany Ballard,4,0,reasonable and easy to use.,reasonable and easy to use.,en,2026-08-21,15.285.1,scrape,2026-09-22 19:21:35
5840,com.dd.doordash,DoorDash,ee753a19-9b1b-4f35-9455-d5d99cf3ad8c,Teresa Jones,4,0,"was to bring to the door, get my code, but left our food on an outside table.","was to bring to the door, get my code, but left our food on an outside table.",en,2026-08-22,15.288.3,scrape,2026-09-22 19:21:35
5854,com.dd.doordash,DoorDash,b4b757cb-151a-4073-aab2-663bcc1f5c3a,Desiray Quintana,2,0,way too expensive makes it hard to leave a good tip,way too expensive makes it hard to leave a good tip,en,2026-08-22,15.288.3,scrape,2026-09-22 19:21:35
5775,com.dd.doordash,DoorDash,1801ebd1-1b4a-4b21-9d59-f8445105087b,Anderson “Ender” Harris,2,1,"Make sure to pay close attention during the order process, or you might loose 30$ on food that you won't get to eat because the app will refresh you location or timing automatically. I've lost a lot of funds to this issue, and I hope to no longer use this service.","Make sure to pay close attention during the order process, or you might loose 30$ on food that you won't get to eat because the app will refresh you location or timing automatically. I've lost a lot of funds to this issue, and I hope to no longer use this service.",en,2026-08-23,15.288.3,scrape,2026-09-22 19:21:35
5730,com.dd.doordash,DoorDash,6ea37d8c-e842-488b-a534-1acffa4e19c1,Belinda Roberts,4,0,"They're good, pretty decent for this town anyway..! The others are sh't..!👍","They're good, pretty decent for this town anyway..! The others are sh't..!:thumbs_up:",en,2026-08-23,15.289.7,scrape,2026-09-22 19:21:35
5746,com.dd.doordash,DoorDash,7fcca3c4-0e79-41b8-8c7f-9482b9485cd3,Dakota Medlin,5,0,super easy and convenient. decent customer service when issued occur,super easy and convenient. decent customer service when issued occur,en,2026-08-23,15.288.3,scrape,2026-09-22 19:21:35
5714,com.dd.doordash,DoorDash,fa578d54-22c8-4a2e-b8f3-fc0ba381c139,Clifford Craig,5,0,Fast Service,Fast Service,en,2026-08-23,15.288.3,scrape,2026-09-22 19:21:35
5740,com.dd.doordash,DoorDash,6d3d3957-1b0b-4d6f-93b5-bdb1b091deb0,John,2,1,"the service fee is pretty absurd. I use this app maybe once per year and every time I do it seems that service fee goes higher and higher for ""non members"" so I simply donteh ""free trial"" then cancel immediately.","the service fee is pretty absurd. I use this app maybe once per year and every time I do it seems that service fee goes higher and higher for ""non members"" so I simply donteh ""free trial"" then cancel immediately.",en,2026-08-23,15.289.7,scrape,2026-09-22 19:21:35
5680,com.dd.doordash,DoorDash,86159b1a-0301-4ed2-9b90-9806df7f98a2,Ayanna Brown (Ayanna),3,0,"They pick up the food then go from location to location with it ! By the time it arrives to you, it is cold! Can't blame Five Guys because they prepare the food as it is ordered! I've reduced my Door Dash use because of this! Who wants to pay all that extra money for ice cold food?!Unless the drop offs are within close proximity of each other,please reconsider doing that!!","They pick up the food then go from location to location with it ! By the time it arrives to you, it is cold! Can't blame Five Guys because they prepare the food as it is ordered! I've reduced my Door Dash use because of this! Who wants to pay all that extra money for ice cold food?!Unless the drop offs are within close proximity of each other,please reconsider doing that!!",en,2026-08-24,15.288.3,scrape,2026-09-22 19:21:35
5683,com.dd.doordash,DoorDash,b3291c86-fdd2-489b-a172-def0e4d73a4a,Brant Byce,2,1,Would give it a higher rating if when your orders were messed up DoorDash actually provided a proper solution instead of still charging you To receive the missing items.,Would give it a higher rating if when your orders were messed up DoorDash actually provided a proper solution instead of still charging you To receive the missing items.,en,2026-08-24,15.288.3,scrape,2026-09-22 19:21:35
5643,com.dd.doordash,DoorDash,e0ae5887-2cbf-44ee-bfce-23adf12f7d82,Matthew Jackson,3,0,discounts are confusing. interface took a long time to navigate.,discounts are confusing. interface took a long time to navigate.,en,2026-08-24,15.289.7,scrape,2026-09-22 19:21:35
5623,com.dd.doordash,DoorDash,7951659c-06a0-471a-9ccf-f44eace1dd2f,Sandy S,1,0,customer service sucks. they want me to cancel my order without a refund when they are not able to deliver it withing time !,customer service sucks. they want me to cancel my order without a refund when they are not able to deliver it withing time !,en,2026-08-25,15.289.7,scrape,2026-09-22 19:21:35
5589,com.dd.doordash,DoorDash,20d4a1bd-4daa-455a-80c6-1f8c348825af,Joseph Henry,1,1,Money Sink. You'd think they would be cool and use flat delivery fees but they aren't.,Money Sink. You'd think they would be cool and use flat delivery fees but they aren't.,en,2026-08-25,15.289.7,scrape,2026-09-22 19:21:35
5492,com.dd.doordash,DoorDash,75b167cb-505a-4a1e-854f-a4dc6aaac79b,amy noy,5,0,great service god bless,great service god bless,en,2026-08-26,15.289.7,scrape,2026-09-22 19:21:35
5521,com.dd.doordash,DoorDash,09546432-b8ea-42c2-8263-763c6db46a9c,Brandon Schmitt,3,0,they have delivered my food to other houses around me so many times I can't count them all,they have delivered my food to other houses around me so many times I can't count them all,en,2026-08-26,15.277.2,scrape,2026-09-22 19:21:35
5450,com.dd.doordash,DoorDash,ab7e7ace-d9f0-42cd-938b-b29606dcf600,Moises Moises,5,0,awesome service.,awesome service.,en,2026-08-27,15.289.7,scrape,2026-09-22 19:21:35
5471,com.dd.doordash,DoorDash,8edc5edc-2565-4858-b4a8-ee412086fd8a,Rick Leeds,2,0,finding stuff is terribly difficult. too much on the screen at one time.,finding stuff is terribly difficult. too much on the screen at one time.,en,2026-08-27,15.289.7,scrape,2026-09-22 19:21:35
5428,com.dd.doordash,DoorDash,7424819f-a23b-40ff-8c6f-6dc5db896c14,Courtney Black,4,0,i dealt with you guys before great,i dealt with you guys before great,en,2026-08-27,15.289.7,scrape,2026-09-22 19:21:35
5402,com.dd.doordash,DoorDash,32ec4d6f-b14b-43b5-9ade-a5f57bedddac,Gary Allpike,3,0,Try and find a bag of uncooked rice when shopping on Woolworths! Staple items missing.,Try and find a bag of uncooked rice when shopping on Woolworths! Staple items missing.,en,2026-08-27,15.289.7,scrape,2026-09-22 19:21:35
5321,com.dd.doordash,DoorDash,155b6f0f-e63e-4696-a316-95bd435fa0ae,Joann Pinchback,5,0,I love how quick they deliver,I love how quick they deliver,en,2026-08-28,15.289.7,scrape,2026-09-22 19:21:35
5373,com.dd.doordash,DoorDash,fd7e23e0-8655-44a9-8c99-1fd14d7469da,Shayla Johnson,2,1,"I've had a dasher drop my food off at the house four houses down and when I tried saying that I think that's my food he drove off very recklessly, and I've had dashers leave without items or they weren't patent enough to wait until all items were there. otherwise there are some dashers i do appreciate.and thank you","I've had a dasher drop my food off at the house four houses down and when I tried saying that I think that's my food he drove off very recklessly, and I've had dashers leave without items or they weren't patent enough to wait until all items were there. otherwise there are some dashers i do appreciate.and thank you",en,2026-08-28,15.288.3,scrape,2026-09-22 19:21:35
5388,com.dd.doordash,DoorDash,4fa82215-0333-4f77-914b-286b36fdfc48,joe teao,3,0,depends on the dasher and place for the most part dashers are amazing,depends on the dasher and place for the most part dashers are amazing,en,2026-08-28,15.289.7,scrape,2026-09-22 19:21:35
5178,com.dd.doordash,DoorDash,d7251609-aa0e-4147-8d2c-1de7052ac841,05 lowrider,1,0,price is .. I will be stopping the use of this app as soon as my membership is expired,price is .. I will be stopping the use of this app as soon as my membership is expired,en,2026-08-29,15.290.14,scrape,2026-09-22 19:21:35
5256,com.dd.doordash,DoorDash,12e65ea1-47a8-4338-87b2-132017175162,Natasha Hall,4,1,"Love the service, just don't like basically having to subscribe to get deals.","Love the service, just don't like basically having to subscribe to get deals.",en,2026-08-29,15.290.14,scrape,2026-09-22 19:21:35
5213,com.dd.doordash,DoorDash,3264fabb-c413-4fc9-9c08-fd598a565ed8,Rechell Carter,4,0,the service fee I was a where of cause I was tipping good just couldn't afford the monthly fee,the service fee I was a where of cause I was tipping good just couldn't afford the monthly fee,en,2026-08-29,,scrape,2026-09-22 19:21:35
5208,com.dd.doordash,DoorDash,917e5333-272d-4525-b046-235ab6f3aeca,Denis B,2,1,Just garbage. I placed an order and my card was charged but no order appeared on my account. Tried to get a refund through customer service but I'm pretty sure it's all replaced by AI. I sent them photo proof that my card was charged and they acknowledged no order was on my account. For some reason they still denied my refund so they literally just stole my money. If you're too lazy to get your own fast food just use another app instead,Just garbage. I placed an order and my card was charged but no order appeared on my account. Tried to get a refund through customer service but I'm pretty sure it's all replaced by AI. I sent them photo proof that my card was charged and they acknowledged no order was on my account. For some reason they still denied my refund so they literally just stole my money. If you're too lazy to get your own fast food just use another app instead,en,2026-08-29,15.290.14,scrape,2026-09-22 19:21:35
5201,com.dd.doordash,DoorDash,9c215a61-69b0-41bf-b7da-1de83fce7fe4,shawn moore,3,1,to many glitches!!! the app won't let you search merchants inventory,to many glitches!!! the app won't let you search merchants inventory,en,2026-08-29,15.291.10-beta,scrape,2026-09-22 19:21:35
5268,com.dd.doordash,DoorDash,2d125140-50ad-4095-a722-57028fc8fe3f,carl brammer,5,0,Fantastic App to have on your phone .,Fantastic App to have on your phone .,en,2026-08-29,15.290.14,scrape,2026-09-22 19:21:35
5055,com.dd.doordash,DoorDash,09095db1-f737-4092-b927-352a558b0df3,Lexi C,1,0,I need help getting some food with my new girl and dog with new friends at the location on the phone gladestone blvd,I need help getting some food with my new girl and dog with new friends at the location on the phone gladestone blvd,en,2026-08-31,15.290.14,scrape,2026-09-22 19:21:35
5011,com.dd.doordash,DoorDash,078ad907-d8db-4a76-a22c-cfe30966cc07,Jerusha Hustler,1,0,Doordash is the absolute worse when the order is wrong even if you provide pictures of the order they still do not issue a credit refund or anything a complete annoying exsperiance i spoke with a supervisor and everything its completely unacceptable. I have no idea how they have a 4.7 rating! They must be having their employees or people in corporate doing those type of reviews,Doordash is the absolute worse when the order is wrong even if you provide pictures of the order they still do not issue a credit refund or anything a complete annoying exsperiance i spoke with a supervisor and everything its completely unacceptable. I have no idea how they have a 4.7 rating! They must be having their employees or people in corporate doing those type of reviews,en,2026-08-31,,scrape,2026-09-22 19:21:35
5015,com.dd.doordash,DoorDash,8e8689ae-a70e-4a0c-bc81-31ee0bd18d33,Alex B,2,0,not any faster than the mobile website and just as many annoying popups.,not any faster than the mobile website and just as many annoying popups.,en,2026-08-31,15.290.14,scrape,2026-09-22 19:21:35
5027,com.dd.doordash,DoorDash,86244e9d-6e00-41c6-98cc-4ac03db8ce90,John Vasquez,5,0,love this app and my kids do too,love this app and my kids do too,en,2026-08-31,15.290.14,scrape,2026-09-22 19:21:35
4803,com.dd.doordash,DoorDash,a3d4f59d-058b-4b47-a444-92988f3c56a4,Nancy Belle,3,0,"I'd give more stars for this app if only the Door Dashers would follow directions. I live at crossroads with a tricky intersection. I wrote specific delivery instructions and half the time, the driver gets it wrong. They don't read the instructions. When I speak with the drivers, what I learn is that they don't speak English, so they don't understand the directions. I'm sure there's simple translation apps available.","I'd give more stars for this app if only the Door Dashers would follow directions. I live at crossroads with a tricky intersection. I wrote specific delivery instructions and half the time, the driver gets it wrong. They don't read the instructions. When I speak with the drivers, what I learn is that they don't speak English, so they don't understand the directions. I'm sure there's simple translation apps available.",en,2026-09-02,15.290.14,scrape,2026-09-22 19:21:35
4793,com.dd.doordash,DoorDash,013e7755-1475-489a-89ee-18cfdf769075,Bobbie Matticx,4,0,it was ok first time using haven't gotten my food yet,it was ok first time using haven't gotten my food yet,en,2026-09-02,15.291.11,scrape,2026-09-22 19:21:35
4835,com.dd.doordash,DoorDash,e3c7ad45-ff89-46fe-9891-f3686e8b6d78,Александра Соловьёва,1,0,"Got molded berries from the store and tried to get a refund, the app declined my refund. that's definitely the last straw","Got molded berries from the store and tried to get a refund, the app declined my refund. that's definitely the last straw",en,2026-09-02,,scrape,2026-09-22 19:21:35
4805,com.dd.doordash,DoorDash,031adfa0-93ec-4a60-a748-0f86cf299f56,oluwadarasimi Ilori,4,0,I waste my money 😭,I waste my money :loudly_crying_face:,en,2026-09-02,15.290.14,scrape,2026-09-22 19:21:35
4791,com.dd.doordash,DoorDash,1d04fbb8-5031-4cf2-92d1-91e5d8687d2c,MAGIC6782,1,0,"I was recently gifted a $50 Doordash giftcard and I am wanting to purchase some goods but I am unable to because I keep getting an error message saying ""payment invalid, try apple pay or Google pay"". I have tried other debit cards and I cannot get the payment through. I have deleted the app, restarted my device, cleared cache, and tried the official website but no payments are going through and I cannot redeem my Credits. I tried to order off my laptop and I keep getting the same error.","I was recently gifted a $50 Doordash giftcard and I am wanting to purchase some goods but I am unable to because I keep getting an error message saying ""payment invalid, try apple pay or Google pay"". I have tried other debit cards and I cannot get the payment through. I have deleted the app, restarted my device, cleared cache, and tried the official website but no payments are going through and I cannot redeem my Credits. I tried to order off my laptop and I keep getting the same error.",en,2026-09-02,,scrape,2026-09-22 19:21:35
4811,com.dd.doordash,DoorDash,54291e8e-efa1-42da-8cee-2f2380b12ee8,Kristina Carter,3,3,"Decent app that I use a lot but it could be better. For example, when ordering from a place with multiple locations nearby I wish I could pick the location my order is placed with. I live near a tunnel with tolls and too often the app picks a location that, mileage-wise, is close but is on the other side of a bridge or tunnel with tolls and it takes a lot longer to get someone to accept my order and longer to receive my order, especially during high traffic times.","Decent app that I use a lot but it could be better. For example, when ordering from a place with multiple locations nearby I wish I could pick the location my order is placed with. I live near a tunnel with tolls and too often the app picks a location that, mileage-wise, is close but is on the other side of a bridge or tunnel with tolls and it takes a lot longer to get someone to accept my order and longer to receive my order, especially during high traffic times.",en,2026-09-02,15.290.14,scrape,2026-09-22 19:21:35
4748,com.dd.doordash,DoorDash,3605e40d-cdce-4269-8078-6b5612349f3f,Richard Linden,5,0,pretty easy experience,pretty easy experience,en,2026-09-03,15.290.14,scrape,2026-09-22 19:21:35
4763,com.dd.doordash,DoorDash,be1a4773-4a10-4f8b-ac3e-2f18bc52e8f4,Patrick Shasky,4,0,generally ok very expensive and I don't understand how the system works.,generally ok very expensive and I don't understand how the system works.,en,2026-09-03,15.290.14,scrape,2026-09-22 19:21:35
4672,com.dd.doordash,DoorDash,f6768e99-c104-4351-a1dd-c3076d5da387,Darrell Giles,3,0,this new beta version is not user friendly and keeps crashing ⁸,this new beta version is not user friendly and keeps crashing ⁸,en,2026-09-03,15.291.10-beta,scrape,2026-09-22 19:21:35
4618,com.dd.doordash,DoorDash,b6a7bebd-d136-4f94-8b84-d531194a7a32,Brian Lang,2,0,"convenient for lazy people. horrible customer service. not worth it. get off your butt and go outside, you lazy so and so.","convenient for lazy people. horrible customer service. not worth it. get off your butt and go outside, you lazy so and so.",en,2026-09-04,15.291.11,scrape,2026-09-22 19:21:35
4483,com.dd.doordash,DoorDash,faac5168-e8c7-4c8c-a24d-286380ba73ca,Megan Hendrickson,5,0,always good when you got a craving and no car,always good when you got a craving and no car,en,2026-09-05,15.290.14,scrape,2026-09-22 19:21:35
4374,com.dd.doordash,DoorDash,0301cf3c-9937-4d78-adaf-ea4fecad8631,Jose Velazquez,3,0,to expensive and way to many additional fees,to expensive and way to many additional fees,en,2026-09-06,15.291.11,scrape,2026-09-22 19:21:35
4384,com.dd.doordash,DoorDash,aecf4764-8fb4-4a90-b3c9-cd8ba0290a80,A K,3,0,"Very disorganized, ever since they broke up into arbitrary categories. It used to be much easier when everything was just under restaurants to look for food delivery options. Prices have gotten very high.","Very disorganized, ever since they broke up into arbitrary categories. It used to be much easier when everything was just under restaurants to look for food delivery options. Prices have gotten very high.",en,2026-09-06,15.291.11,scrape,2026-09-22 19:21:35
4418,com.dd.doordash,DoorDash,eeaf52f3-8471-4bf2-ac13-7d019d3338eb,Caesar Leal,5,0,"very convenient and customizable, allowing everyone to be happy and get what they want. We love it.","very convenient and customizable, allowing everyone to be happy and get what they want. We love it.",en,2026-09-06,15.287.3,scrape,2026-09-22 19:21:35
4405,com.dd.doordash,DoorDash,1ae94afb-c025-4945-8e14-29cdd66357bf,Sl8r oni,3,0,really weird bug when orders get re-routed the screen constantly reloads and geta trapped in an infinite loop of flickering and trying to load keeps happening anytime I open an order currently being rerouted,really weird bug when orders get re-routed the screen constantly reloads and geta trapped in an infinite loop of flickering and trying to load keeps happening anytime I open an order currently being rerouted,en,2026-09-06,15.291.11,scrape,2026-09-22 19:21:35
4383,com.dd.doordash,DoorDash,be9423fc-bff8-40c2-bf01-558b74dff43c,Jeshua Gentry,5,0,its quick and easy to use,its quick and easy to use,en,2026-09-06,15.288.3,scrape,2026-09-22 19:21:35
4153,com.dd.doordash,DoorDash,4b4a8c55-99cb-4809-ab25-b1267ca8d8fa,Alex Is Currently Unavailable,4,0,my only question is why show me items that are nothing to do with my search? I think I searched for like a dog bowl the other day and it was showing me blankets. other than that though I love this app,my only question is why show me items that are nothing to do with my search? I think I searched for like a dog bowl the other day and it was showing me blankets. other than that though I love this app,en,2026-09-09,15.292.2,scrape,2026-09-22 19:21:35
4162,com.dd.doordash,DoorDash,d56b8671-7e2a-4410-b730-99fe5eff44b2,Alan Sharpham,4,0,"Although they persist, none of the drivers can work out how to access my address even though instructions are given in the DoorDash app.","Although they persist, none of the drivers can work out how to access my address even though instructions are given in the DoorDash app.",en,2026-09-09,15.291.11,scrape,2026-09-22 19:21:35
4080,com.dd.doordash,DoorDash,9af25eff-29e8-460c-bd2f-4aaba6ca88db,Boop Doop,1,0,"terrible business, terrible customer service. Enjoy spending way more for cold food and poor service.","terrible business, terrible customer service. Enjoy spending way more for cold food and poor service.",en,2026-09-09,,scrape,2026-09-22 19:21:35
4092,com.dd.doordash,DoorDash,b6ed4a84-c701-4dcf-9bb1-d4a73a4489dc,Vickie Carter,4,0,"I would give a 5, but was told I'd get a discount when I ordered and it never applied. I was too tired from travelling to worry about it.","I would give a 5, but was told I'd get a discount when I ordered and it never applied. I was too tired from travelling to worry about it.",en,2026-09-09,15.291.11,scrape,2026-09-22 19:21:35
4127,com.dd.doordash,DoorDash,f3210b71-d600-4c19-819d-230a9e0fd3ef,Connor Lewis,2,1,"The app is becoming impossible to browse because they're trying to become the Amazon of delivery and are now featuring literally everything but the food you're wanting to find in the app and their UI/UX updates are deliberately hiding that to get you to see them as your ""everything source"" to break your habit of just wanting them to deliver food but they're doing so in a user-hostile way that makes their service inconvenient for their ""rebrand"" efforts. tl:Dr: it sucks now","The app is becoming impossible to browse because they're trying to become the Amazon of delivery and are now featuring literally everything but the food you're wanting to find in the app and their UI/UX updates are deliberately hiding that to get you to see them as your ""everything source"" to break your habit of just wanting them to deliver food but they're doing so in a user-hostile way that makes their service inconvenient for their ""rebrand"" efforts. tl:Dr: it sucks now",en,2026-09-09,15.291.11,scrape,2026-09-22 19:21:35
4014,com.dd.doordash,DoorDash,5d896d74-a7ea-4b84-a5b1-6ccd09782dba,Aaron McClure,5,0,Great place to get good food,Great place to get good food,en,2026-09-10,15.292.2,scrape,2026-09-22 19:21:35
4035,com.dd.doordash,DoorDash,50ea8a15-7390-47cc-866a-97bc0b947147,donnie ackerman,3,0,hate the up pricing found that Ordering through restaurant and delivery is cheaper than through DD ordering,hate the up pricing found that Ordering through restaurant and delivery is cheaper than through DD ordering,en,2026-09-10,15.291.11,scrape,2026-09-22 19:21:35
3931,com.dd.doordash,DoorDash,0fd3833e-425c-4a9d-8d7f-5bfa4a54fc77,karen Swords,4,0,It's been fine. Does what I was looking for and to do,It's been fine. Does what I was looking for and to do,en,2026-09-11,15.292.2,scrape,2026-09-22 19:21:35
3916,com.dd.doordash,DoorDash,e34f0fba-e796-4223-a90d-ce1f17029e81,Becca Atkins,1,0,I ordered from a restaurant and they didn't even have time to make my order before I needed to cancel and I wasn't even refunded half of what I paid.,I ordered from a restaurant and they didn't even have time to make my order before I needed to cancel and I wasn't even refunded half of what I paid.,en,2026-09-11,15.292.2,scrape,2026-09-22 19:21:35
3891,com.dd.doordash,DoorDash,4b1ba609-dee9-4d53-a8d7-af1abf866dac,Tomas Nelson (Supercybot),4,0,"They were definitely needed them , they never really did me wrong. Except when the app glitched. Well just once or so and they said i was late. Giving me 2 orders simultaneously and the first order they give you take forever. The app tells you you can give up and it won't count against you. But it made you late. You can only get so many late deliveries removed at a time. I maintain platinum level still.","They were definitely needed them , they never really did me wrong. Except when the app glitched. Well just once or so and they said i was late. Giving me 2 orders simultaneously and the first order they give you take forever. The app tells you you can give up and it won't count against you. But it made you late. You can only get so many late deliveries removed at a time. I maintain platinum level still.",en,2026-09-11,15.292.2,scrape,2026-09-22 19:21:35
3912,com.dd.doordash,DoorDash,356f44fa-1125-45ba-957a-d2bba92f690e,Adam Purvis,1,0,Stop using illegals to deliver my food. Not trustworthy.,Stop using illegals to deliver my food. Not trustworthy.,en,2026-09-11,15.291.11,scrape,2026-09-22 19:21:35
3910,com.dd.doordash,DoorDash,27c62287-3c3c-4a4f-a101-5375f0f674da,Jack D Reynolds,1,0,"Churlish delivery personnel, some of whom don't read delivery instructions, becoming irate when compelled to correct their errors. Your last Dasher had to redo, culminating in his opening my door, literally throwing my order into my bedroom, and spewing expletives at me. I can't help it I'm severely handicapped. Nor do I merit such horrific treatment all because your Dasher opted for an easier way out, even after being tipped. My order was in total disarray but DoorDash did very little about it.","Churlish delivery personnel, some of whom don't read delivery instructions, becoming irate when compelled to correct their errors. Your last Dasher had to redo, culminating in his opening my door, literally throwing my order into my bedroom, and spewing expletives at me. I can't help it I'm severely handicapped. Nor do I merit such horrific treatment all because your Dasher opted for an easier way out, even after being tipped. My order was in total disarray but DoorDash did very little about it.",en,2026-09-11,15.291.11,scrape,2026-09-22 19:21:35
3962,com.dd.doordash,DoorDash,d703b973-09a7-463a-8087-d74385af7e9d,Satin Prunty,3,1,too many fees,too many fees,en,2026-09-11,15.283.3,scrape,2026-09-22 19:21:35
3787,com.dd.doordash,DoorDash,e3686ae4-cd17-4951-9c07-f436f49b9dd7,Johnny Lee,3,0,Great when the order is complete. Horrendous when a problem arises. Only expect half of your drinks to ever arrive.,Great when the order is complete. Horrendous when a problem arises. Only expect half of your drinks to ever arrive.,en,2026-09-12,15.292.2,scrape,2026-09-22 19:21:35
3678,com.dd.doordash,DoorDash,8ebf17d7-9cfc-4830-8a2c-ea7ee7064376,Jasmine Cline,1,0,I will never use this app again they don't take any issues seriously then when you report it they don't want to give you your money back. I'm over this app and I've been a loyal customer since day one this is the most unprofessional and disrespectful app Ive ever encountered. I am done,I will never use this app again they don't take any issues seriously then when you report it they don't want to give you your money back. I'm over this app and I've been a loyal customer since day one this is the most unprofessional and disrespectful app Ive ever encountered. I am done,en,2026-09-13,15.292.2,scrape,2026-09-22 19:21:35
3728,com.dd.doordash,DoorDash,0c82817a-3c44-44f1-beb1-8e7964476352,Bobby,1,0,a piss poor application,a piss poor application,en,2026-09-13,,scrape,2026-09-22 19:21:35
3511,com.dd.doordash,DoorDash,037d1999-15fa-4495-89da-ae47d63f9a05,AC,2,0,What is going on with door dash. The app never works properly anymore getting sick of it skip the dishes here I come.,What is going on with door dash. The app never works properly anymore getting sick of it skip the dishes here I come.,en,2026-09-15,15.292.2,scrape,2026-09-22 19:21:35
3476,com.dd.doordash,DoorDash,13f68974-e454-427e-ab8b-4f75decc00d2,Tony Black,1,0,"My account was deactivated for NO REASON when I was a great Dasher... and after hours of trying to get reactivated ~ NOTHING. I really could've used the extra money, but hey. Doordash is a mess and I don't recommend to anybody.","My account was deactivated for NO REASON when I was a great Dasher... and after hours of trying to get reactivated ~ NOTHING. I really could've used the extra money, but hey. Doordash is a mess and I don't recommend to anybody.",en,2026-09-16,,scrape,2026-09-22 19:21:35
3455,com.dd.doordash,DoorDash,6d9615ca-4368-4356-a71e-9ae5bdab0247,B Torrey,2,0,"Doordashers need to earn their tips!! Read delivery instructions, double check you are picking up correct delivery order, etc. Make sure you can read and or speak some English too!!! Your delivery personnel are getting lazy and delivery service has deteriorated over the last year. Very disappointing that almost every order I have placed lately has been wrong, cold, missing items or delivery instructions not followed. This is a customer service job, get better with the customer service!","Doordashers need to earn their tips!! Read delivery instructions, double check you are picking up correct delivery order, etc. Make sure you can read and or speak some English too!!! Your delivery personnel are getting lazy and delivery service has deteriorated over the last year. Very disappointing that almost every order I have placed lately has been wrong, cold, missing items or delivery instructions not followed. This is a customer service job, get better with the customer service!",en,2026-09-16,15.292.2,scrape,2026-09-22 19:21:35
3451,com.dd.doordash,DoorDash,a6500439-5df1-42c4-a5a0-d02d3f14257e,J Spaffy,3,0,I'd tip more but your trash app doesn't allow me to do anything when I try to do a custom tip. that's on you.,I'd tip more but your trash app doesn't allow me to do anything when I try to do a custom tip. that's on you.,en,2026-09-16,15.277.2,scrape,2026-09-22 19:21:35
3367,com.dd.doordash,DoorDash,7aafd405-db3a-4491-ad2d-91e1cb1add89,Heavy_P,5,0,fire,fire,en,2026-09-17,15.292.2,scrape,2026-09-22 19:21:35
3359,com.dd.doordash,DoorDash,f7c39195-3831-4f5f-8ce2-3ce33f2bfd44,RICO ANDERS,4,1,Better the Uber eat $18 delivery charge,Better the Uber eat $18 delivery charge,en,2026-09-17,15.293.0,scrape,2026-09-22 19:21:35
3373,com.dd.doordash,DoorDash,f841a453-c8ab-4be5-89cd-d8e6ae38045d,Katrina Reed,3,0,good app but they seem to have taken away the option to filter by the dash pass.,good app but they seem to have taken away the option to filter by the dash pass.,en,2026-09-17,15.293.0,scrape,2026-09-22 19:21:35
3214,com.dd.doordash,DoorDash,e79da8aa-09cc-454a-aa2e-f22530721d35,Kathy Collingham,1,1,"I made a doordash order earlier tonight and I only received one of my items out of three. I contacted customer support on the app and submitted pictures of what I received and the receipt of what I was supposed to receive. I paid $23 to doordash for getting my order for me and only received one taco from Taco Bell. when I contacted doordash about this, I received a message back saying that my issue did not qualify for a refund or credit. I am completely done with this app.","I made a doordash order earlier tonight and I only received one of my items out of three. I contacted customer support on the app and submitted pictures of what I received and the receipt of what I was supposed to receive. I paid $23 to doordash for getting my order for me and only received one taco from Taco Bell. when I contacted doordash about this, I received a message back saying that my issue did not qualify for a refund or credit. I am completely done with this app.",en,2026-09-18,15.227.5,scrape,2026-09-22 19:21:35
3311,com.dd.doordash,DoorDash,048043ec-f819-4153-897a-18589c3d471c,Brittany Fox,3,0,"when I place an order with my link card and there is substitutions or i add snap eligible items after I place the order it would be nice if the money would come off my link card instead of my debit card, or there should be an option of which card it charges.","when I place an order with my link card and there is substitutions or i add snap eligible items after I place the order it would be nice if the money would come off my link card instead of my debit card, or there should be an option of which card it charges.",en,2026-09-18,15.293.0,scrape,2026-09-22 19:21:35
3247,com.dd.doordash,DoorDash,c2a7caab-27da-4615-b052-df2752485b2f,heather salm,2,1,"Dear DoorDash, I am greatly disheartened today, I learned from tour drivers that you guys have now cut their pay to be below the national minimum wage per hour. DO BETTER! now wonder you guys are always looking for new hires. Some of your drivers do this for a living and have now made it not a living wage option. Shame on you!","Dear DoorDash, I am greatly disheartened today, I learned from tour drivers that you guys have now cut their pay to be below the national minimum wage per hour. DO BETTER! now wonder you guys are always looking for new hires. Some of your drivers do this for a living and have now made it not a living wage option. Shame on you!",en,2026-09-18,15.293.0,scrape,2026-09-22 19:21:35
3293,com.dd.doordash,DoorDash,40d7abbb-cdb2-491c-b844-826cb07f14b0,Sun Mart,2,0,"it would be cool if the android app can do what the iPhone app does, which is being able to split a receipt when you have a group order. other than that, app is okay at most","it would be cool if the android app can do what the iPhone app does, which is being able to split a receipt when you have a group order. other than that, app is okay at most",en,2026-09-18,15.293.0,scrape,2026-09-22 19:21:35
3210,com.dd.doordash,DoorDash,e55d6ba3-4a6f-4dd5-ae26-a84ae5c6dc61,Jorge Hinojosa,3,0,wish existing users had more desls,wish existing users had more desls,en,2026-09-18,,scrape,2026-09-22 19:21:35
3288,com.dd.doordash,DoorDash,53b2bf38-d6e0-4160-888f-2b5815687b5d,Renea Scott,4,0,had a few misdeliveries but the rectified rhe situation,had a few misdeliveries but the rectified rhe situation,en,2026-09-18,15.291.11,scrape,2026-09-22 19:21:35
3275,com.dd.doordash,DoorDash,3c45f2ac-f479-4535-a6b7-e80214a76a37,Alexis Fernandez,5,0,😎🙏🍵🙏,:smiling_face_with_sunglasses::folded_hands::teacup_without_handle::folded_hands:,en,2026-09-18,15.293.0,scrape,2026-09-22 19:21:35
3266,com.dd.doordash,DoorDash,b5881d28-562a-4d41-a5b2-82e5c081a178,B Brad,4,0,"I like this app, but it's a little expensive!","I like this app, but it's a little expensive!",en,2026-09-18,15.290.14,scrape,2026-09-22 19:21:35
3172,com.dd.doordash,DoorDash,9e2bae9f-ab9f-4adf-8e73-119147925177,Z Viator,4,0,Card verification doesn't work for damaged cards where you can't clearly see the numbers,Card verification doesn't work for damaged cards where you can't clearly see the numbers,en,2026-09-19,15.293.0,scrape,2026-09-22 19:21:35
3202,com.dd.doordash,DoorDash,be6795e7-ce43-4d7b-bfb1-fb46a3471128,Conor O'Mahony,2,1,"I ordered about $51 worth of food, and I cannot get in contact with the company. I called the driver so much he blocked me...I NEVER GOT THE FOOD Literally two stars because I used to work there and I loved it but it would b0 stars but I can't contact the company","I ordered about $51 worth of food, and I cannot get in contact with the company. I called the driver so much he blocked me...I NEVER GOT THE FOOD Literally two stars because I used to work there and I loved it but it would b0 stars but I can't contact the company",en,2026-09-19,15.292.2,scrape,2026-09-22 19:21:35
3020,com.dd.doordash,DoorDash,c6319c62-80b8-4d7c-83ee-66ff5f2c75e8,Steven D,1,0,hope you like it cold.,hope you like it cold.,en,2026-09-20,15.293.0,scrape,2026-09-22 19:21:35
3101,com.dd.doordash,DoorDash,33178b87-a073-4182-bbc5-4e3bb1d21480,Roy Parker,1,0,worst service ever i had access to my account and they would constantly deactivate it most likely due to the promotion that was supposed to unlock that rewarded me with $30 I have never once had issues with the superior Uber Eats app which I will be sticking to them as they actually care about customers unlike this pathetic company,worst service ever i had access to my account and they would constantly deactivate it most likely due to the promotion that was supposed to unlock that rewarded me with $30 I have never once had issues with the superior Uber Eats app which I will be sticking to them as they actually care about customers unlike this pathetic company,en,2026-09-20,15.293.0,scrape,2026-09-22 19:21:35
3089,com.dd.doordash,DoorDash,3cd3f547-3f59-43ec-8359-2c9b89e0d24e,Nobody Important,5,0,convenience at its finest 👌,convenience at its finest :OK_hand:,en,2026-09-20,15.292.2,scrape,2026-09-22 19:21:35
14515,com.squareup.cash,Cash App,9547a304-82df-4c27-9901-2defb67535ea,X the goat,4,1,"soo...they give short answers on if your account gets disabled and you won't be able to make anotherone, yet they won't even tell you what you did soooo....-1 star","soo...they give short answers on if your account gets disabled and you won't be able to make anotherone, yet they won't even tell you what you did soooo....-1 star",en,2026-07-15,5.60.0,scrape,2026-09-22 19:22:41
14528,com.squareup.cash,Cash App,1416f370-6652-474d-b7c0-b410fd8d279a,Charlie Gravell,2,0,"Had my first account closed down because of not paying back loan in 30 days, then on the 38th day I did pay back $150.00 & they closed down my account! 😔","Had my first account closed down because of not paying back loan in 30 days, then on the 38th day I did pay back $150.00 & they closed down my account! :pensive_face:",en,2026-07-15,5.59.0,scrape,2026-09-22 19:22:41
14504,com.squareup.cash,Cash App,321e03c1-45e5-4958-952b-5e3ed67a764f,Mary Reynolds,4,0,so far so good. love this,so far so good. love this,en,2026-07-16,5.59.0,scrape,2026-09-22 19:22:41
14414,com.squareup.cash,Cash App,ebcd87c5-09e9-4963-91eb-f1a5be201dd3,Larry Brown,1,0,"These guys are a bunch of scam artists dressed up in a finance institutional overcoat. There is utility in using Cashapp but the cash grab, the grift, is what this company is really in it for.","These guys are a bunch of scam artists dressed up in a finance institutional overcoat. There is utility in using Cashapp but the cash grab, the grift, is what this company is really in it for.",en,2026-07-17,5.60.0,scrape,2026-09-22 19:22:41
14363,com.squareup.cash,Cash App,ec8af886-8003-4953-a066-51d241ab8016,Tyler Nipper,3,12,"I do like most things about this app. I also like the new addition of being able to borrow certain amounts based on your usage history patterns. There is really only one problem, unfortunately it is a big one. that being that it so quickly and carelessly allows charges to be made that in case there have been scams that were never resolved in any way and have continued at an alarming rate.","I do like most things about this app. I also like the new addition of being able to borrow certain amounts based on your usage history patterns. There is really only one problem, unfortunately it is a big one. that being that it so quickly and carelessly allows charges to be made that in case there have been scams that were never resolved in any way and have continued at an alarming rate.",en,2026-07-18,5.59.0,scrape,2026-09-22 19:22:41
14331,com.squareup.cash,Cash App,46909ef1-6e6c-4074-a05c-94038e4d22fb,Kelley Attaway,5,0,LOVE IT,LOVE IT,en,2026-07-18,5.60.0,scrape,2026-09-22 19:22:41
14295,com.squareup.cash,Cash App,d58b825d-27ec-447b-aa6b-5a88b7c4eba6,Christina Wasity,3,0,so easy and alot of new advantages to being on cash app it needs to do something about Google play dippin in people's accounts anytime they want I blocked them and they still attempt to hit my account for different amounts of money,so easy and alot of new advantages to being on cash app it needs to do something about Google play dippin in people's accounts anytime they want I blocked them and they still attempt to hit my account for different amounts of money,en,2026-07-18,5.57.0,scrape,2026-09-22 19:22:41
14237,com.squareup.cash,Cash App,f07c7a05-a9cf-4315-a61c-0ee05201c281,Lawrence,1,1,won't let me get a cash app card at all,won't let me get a cash app card at all,en,2026-07-19,5.58.0,scrape,2026-09-22 19:22:41
14284,com.squareup.cash,Cash App,9753a689-e58f-4642-b202-796d6b633ac5,Kristina Winters,3,0,not sure what to do yet but I think it will work out.,not sure what to do yet but I think it will work out.,en,2026-07-19,5.60.0,scrape,2026-09-22 19:22:41
14234,com.squareup.cash,Cash App,09717bf1-6b3a-4d86-bee6-ca9940cad421,Katrina Pierce,2,3,didn't confirm choice before withdrawing to my account!! why was there a choice for Standard Transfer but not Instant Transfer??!!! money was withdrawn to an account that I didn't want my money to go to!!!,didn't confirm choice before withdrawing to my account!! why was there a choice for Standard Transfer but not Instant Transfer??!!! money was withdrawn to an account that I didn't want my money to go to!!!,en,2026-07-19,5.60.0,scrape,2026-09-22 19:22:41
14182,com.squareup.cash,Cash App,0344e719-b738-4238-9f4a-1538ee248005,Matthew Carter,5,1,fantastic App ! So convenient ! so many options ! protection and best of all.....GREAT customer service ! mwcbmore,fantastic App ! So convenient ! so many options ! protection and best of all.....GREAT customer service ! mwcbmore,en,2026-07-20,5.60.0,scrape,2026-09-22 19:22:41
14142,com.squareup.cash,Cash App,8114d904-ffff-4912-bef6-47ca281e89f6,Patrick Kyker,3,0,such a poorly designed app. You can't find any of the menus.,such a poorly designed app. You can't find any of the menus.,en,2026-07-20,5.60.0,scrape,2026-09-22 19:22:41
14103,com.squareup.cash,Cash App,f3380276-617c-4545-b66d-c86faac84801,Chris,5,0,it's convenient and have never had a problem with it.,it's convenient and have never had a problem with it.,en,2026-07-21,5.60.0,scrape,2026-09-22 19:22:41
14099,com.squareup.cash,Cash App,015295dc-031a-4527-85f8-4cd6f6b4eb57,Diana,4,0,all 👍,all :thumbs_up:,en,2026-07-21,,scrape,2026-09-22 19:22:41
14066,com.squareup.cash,Cash App,e852a329-497b-415e-88e2-4891436f298e,Michelle Mazzella,3,14,"there's a lot of things I love about this app. I love that there's a high savings. I love that you can divide and create separate savings like goals. I like how easy it is to create a direct deposit and invest little bit of money into stocks if you want to. I do not think that the kids accounts are easy to manage, especially when your child's card gets declined and you don't catch the notification fast enough. you can't edit pools or remove.","there's a lot of things I love about this app. I love that there's a high savings. I love that you can divide and create separate savings like goals. I like how easy it is to create a direct deposit and invest little bit of money into stocks if you want to. I do not think that the kids accounts are easy to manage, especially when your child's card gets declined and you don't catch the notification fast enough. you can't edit pools or remove.",en,2026-07-22,5.61.0,scrape,2026-09-22 19:22:41
13991,com.squareup.cash,Cash App,5f5035c6-01f2-444c-b74f-ab974850e0d8,Willy Reeves,4,0,"I'm still in the bringing of using cash apps debit card so time will tell, and for the other features have worked well on cash app, and I haven't ever had any fraud issues. Overall, the cash app is a 4 star app if you ask me now.","I'm still in the bringing of using cash apps debit card so time will tell, and for the other features have worked well on cash app, and I haven't ever had any fraud issues. Overall, the cash app is a 4 star app if you ask me now.",en,2026-07-22,5.49.0,scrape,2026-09-22 19:22:41
14049,com.squareup.cash,Cash App,32f881fd-cc51-4ada-bef1-0afccd1b9269,Amanda Martin,2,0,at 1st I did. ot understand how u worked it so I deleted it found out that I honestly did need it in my life,at 1st I did. ot understand how u worked it so I deleted it found out that I honestly did need it in my life,en,2026-07-22,,scrape,2026-09-22 19:22:41
13970,com.squareup.cash,Cash App,9e0247a5-cc99-4b84-8555-d79281f9dea8,Donna Hamm,1,0,deactivated my account for no reason what so ever.,deactivated my account for no reason what so ever.,en,2026-07-23,5.61.0,scrape,2026-09-22 19:22:41
13934,com.squareup.cash,Cash App,b4c71a04-2206-47fb-8dce-02dec192f0cf,Gail Leecy,5,0,This best cash app ever!!!!,This best cash app ever!!!!,en,2026-07-23,5.60.0,scrape,2026-09-22 19:22:41
13985,com.squareup.cash,Cash App,1c46738d-5523-492d-8479-0fa26b533478,Jimmy Buell,4,1,I love cash app it's easy to use at grocery stores to gas stations. and also send and receive money from your friends and family,I love cash app it's easy to use at grocery stores to gas stations. and also send and receive money from your friends and family,en,2026-07-23,5.60.0,scrape,2026-09-22 19:22:41
13928,com.squareup.cash,Cash App,83ec5362-999f-4815-82b9-40c5c83df036,Wayne Tweed,3,1,the app isn't user friendly to get started I just wanted to get money sent to me,the app isn't user friendly to get started I just wanted to get money sent to me,en,2026-07-23,5.61.0,scrape,2026-09-22 19:22:41
13775,com.squareup.cash,Cash App,a8fcab3b-220d-42c7-a39e-2b6c82d4f72b,Kengani,2,0,sometimes I get fraud warnings for no reason and my app gets locked,sometimes I get fraud warnings for no reason and my app gets locked,en,2026-07-25,5.61.0,scrape,2026-09-22 19:22:41
13747,com.squareup.cash,Cash App,4876cdf6-24c5-471f-8590-cfd52c6f044e,Vickie hall,2,0,Every time I try to use it I have problems,Every time I try to use it I have problems,en,2026-07-26,5.61.0,scrape,2026-09-22 19:22:41
13725,com.squareup.cash,Cash App,a7a643a7-1eed-419f-8e9c-41cd91723248,chris suber,2,1,can you figure out a way to pay in bit coin any easier,can you figure out a way to pay in bit coin any easier,en,2026-07-26,5.61.0,scrape,2026-09-22 19:22:41
13705,com.squareup.cash,Cash App,1106de9d-f3c9-4635-8e7d-418cae91fda1,Vanessa Alvarenga,5,0,coolsofar.!!!!,coolsofar.!!!!,en,2026-07-27,5.61.0,scrape,2026-09-22 19:22:41
13606,com.squareup.cash,Cash App,a5243d60-56ef-447b-8719-3d4bdba95dc3,Chenoa Yawea,3,0,won't let me use my address even though it pops up. I've tried contacting support about it but they tell me it's something they're working on..,won't let me use my address even though it pops up. I've tried contacting support about it but they tell me it's something they're working on..,en,2026-07-28,5.61.0,scrape,2026-09-22 19:22:41
13517,com.squareup.cash,Cash App,ddecf436-66bb-4b5b-b7a4-9d79f0c084af,Bailey Robertson,2,0,Fast but everytime I try ordering my card it never ships or comes ive spent abt 20 bux for new cards and the indians I talk to dont know what the hell Im talking about and I cant understand them. im switching to a diffrent app.,Fast but everytime I try ordering my card it never ships or comes ive spent abt 20 bux for new cards and the indians I talk to dont know what the hell Im talking about and I cant understand them. im switching to a diffrent app.,en,2026-07-29,5.61.0,scrape,2026-09-22 19:22:41
13379,com.squareup.cash,Cash App,7319ced7-4b92-4ef9-93db-1ce2c4df0ca8,Indyy Stultz,3,0,wish you could borrow money as long as you get more then one deposit of $100 or less but no less then $20,wish you could borrow money as long as you get more then one deposit of $100 or less but no less then $20,en,2026-07-31,5.61.0,scrape,2026-09-22 19:22:41
13368,com.squareup.cash,Cash App,bd0f1b9d-f352-4616-845d-957cc4131e6b,Susan “Susan Lee” Mckenney,3,2,I'm missing $70 out of my account and cash app customer service told me they don't know where it went but they knew my last transaction yet there was still nearly $70 left over in my account and they said that I have to make a new account and they deleted it forcing me to create a new account which now I can't even borrow money anymore,I'm missing $70 out of my account and cash app customer service told me they don't know where it went but they knew my last transaction yet there was still nearly $70 left over in my account and they said that I have to make a new account and they deleted it forcing me to create a new account which now I can't even borrow money anymore,en,2026-07-31,5.61.0,scrape,2026-09-22 19:22:41
13263,com.squareup.cash,Cash App,a078c8e1-d9ed-4ef2-b856-45f8f90d4bb1,William Pereira,4,0,"Working good, wish the software had more intuitive menus -- would gain an extra star!","Working good, wish the software had more intuitive menus -- would gain an extra star!",en,2026-08-02,5.62.0,scrape,2026-09-22 19:22:41
13217,com.squareup.cash,Cash App,29b0db22-603e-4209-84e0-d9f5033f03ae,Alaya Polk,3,0,is good I just think u should be able to earn money on the app,is good I just think u should be able to earn money on the app,en,2026-08-02,5.62.0,scrape,2026-09-22 19:22:41
13157,com.squareup.cash,Cash App,9614f01d-4004-4a43-bf95-7ac9b86e80ae,Ruben Rojas,3,0,hard to figure out,hard to figure out,en,2026-08-03,,scrape,2026-09-22 19:22:41
13141,com.squareup.cash,Cash App,d83bcc37-140f-4f57-8b5e-1f4e3e9ec57f,Anthony Torres,5,0,its safe and easy to use,its safe and easy to use,en,2026-08-03,5.62.0,scrape,2026-09-22 19:22:41
13106,com.squareup.cash,Cash App,a817836b-162b-44e4-ac9b-6a6028e90943,Jason Dever,5,0,why isnt there and easy and obvious customer service button anymore?,why isnt there and easy and obvious customer service button anymore?,en,2026-08-04,,scrape,2026-09-22 19:22:41
13087,com.squareup.cash,Cash App,c2009a87-867d-494e-bb93-c736334c3882,No name None,5,0,don't still my information on here please 🙂,don't still my information on here please :slightly_smiling_face:,en,2026-08-04,5.60.0,scrape,2026-09-22 19:22:41
13076,com.squareup.cash,Cash App,a72b8667-403e-45f8-925f-f1a5e8c51691,Jolene Vastbinder,1,0,how do I make my device compatible with this version of cash app? already cleared data and cache in the settings of google play and restarted phone.,how do I make my device compatible with this version of cash app? already cleared data and cache in the settings of google play and restarted phone.,en,2026-08-04,5.24.1,scrape,2026-09-22 19:22:41
13116,com.squareup.cash,Cash App,5bfb2f19-6b5d-4b49-bdb2-b3ff9210ad06,Michelle Jalette,1,0,Did a withdrawal 4 days ago. Cashapp customer service say it was sent to my bank 3 days ago but there is no transaction ID. My bank still hasn't received any communication from cashapp without transaction id they can't trace. Cashapp asked for this id. When I said there isn't one they said it's because it's pending (for 4 days!). They just keep saying to give it another day. If it was truly sent 3 days ago my bank would show it as pending. Cashap CS sucks. I'm done with this app.,Did a withdrawal 4 days ago. Cashapp customer service say it was sent to my bank 3 days ago but there is no transaction ID. My bank still hasn't received any communication from cashapp without transaction id they can't trace. Cashapp asked for this id. When I said there isn't one they said it's because it's pending (for 4 days!). They just keep saying to give it another day. If it was truly sent 3 days ago my bank would show it as pending. Cashap CS sucks. I'm done with this app.,en,2026-08-04,5.30.0,scrape,2026-09-22 19:22:41
12973,com.squareup.cash,Cash App,9caf919c-61a0-4c6d-8e4b-dd7dbfbb6f32,Rich131 Lopez,4,0,luv it works good for me had a few issues but they got fuxes ASAP great improvements.,luv it works good for me had a few issues but they got fuxes ASAP great improvements.,en,2026-08-06,5.62.0,scrape,2026-09-22 19:22:41
12770,com.squareup.cash,Cash App,9e92f661-df76-4355-8e40-9a20380c43bd,Michale Hargrove,4,0,I didn't get the money i won on my cash app,I didn't get the money i won on my cash app,en,2026-08-08,5.63.1,scrape,2026-09-22 19:22:41
12796,com.squareup.cash,Cash App,87b86817-5192-4cfd-9247-fb160a69bb64,Christopher Cook,5,0,"ITS REALLY GOOD APP TO HAVE. IF YOU A A LITTLE SHORT IN CASH ,CASH APP WILL HELP. IS REALLY GOOD AND FRIENDLY TO USE.","ITS REALLY GOOD APP TO HAVE. IF YOU A A LITTLE SHORT IN CASH ,CASH APP WILL HELP. IS REALLY GOOD AND FRIENDLY TO USE.",en,2026-08-08,5.59.0,scrape,2026-09-22 19:22:41
12775,com.squareup.cash,Cash App,8b603b1c-d2c2-4193-8833-f912a19cd811,Matthew,4,0,it's alright. hard to pay bills. charge for depositing cash.,it's alright. hard to pay bills. charge for depositing cash.,en,2026-08-08,5.30.0,scrape,2026-09-22 19:22:41
12673,com.squareup.cash,Cash App,0bbed51a-c7ce-4365-afbb-5ee2376b25f6,John Son,4,1,"fast, easy, and very understanding","fast, easy, and very understanding",en,2026-08-10,5.64.0,scrape,2026-09-22 19:22:41
12612,com.squareup.cash,Cash App,6a5ae2e8-b2a3-4d76-952f-9e8945ecb8e5,Lady Goose,2,0,"Only use for transferring between people you absolutely trust. If someone disputes it they will refund the money no questions asked, even if you offer proof that they received what they paid for.","Only use for transferring between people you absolutely trust. If someone disputes it they will refund the money no questions asked, even if you offer proof that they received what they paid for.",en,2026-08-11,,scrape,2026-09-22 19:22:41
12481,com.squareup.cash,Cash App,45594fcd-f6f3-4cbd-a9f6-c2e97c153acf,Alfred Montion,5,0,Its cool!,Its cool!,en,2026-08-13,5.62.0,scrape,2026-09-22 19:22:41
12480,com.squareup.cash,Cash App,22eba2e7-dde1-49bb-8794-cf0bd1d68553,Eileen M,3,1,used to be able to lock your phone from the main page but now it's become difficult I'm hard to find to lock your card easily I'm disappointed about this I don't like changes and updates where it makes it more difficult to use the app and find things easily,used to be able to lock your phone from the main page but now it's become difficult I'm hard to find to lock your card easily I'm disappointed about this I don't like changes and updates where it makes it more difficult to use the app and find things easily,en,2026-08-13,5.64.0,scrape,2026-09-22 19:22:41
12454,com.squareup.cash,Cash App,ec08ac69-0592-4fbf-8287-11e6d44a88ed,daddenn daddenn,5,0,"very safe and easy to use, excellent card for store purchases","very safe and easy to use, excellent card for store purchases",en,2026-08-13,5.63.1,scrape,2026-09-22 19:22:41
2816,com.squareup.cash,Cash App,b584706d-474c-43f9-b07c-903fdf78548c,dwyonne aikens,5,0,"great app. great benefits. we live in an ""immediate"" type of environment, and this is all accommodating.","great app. great benefits. we live in an ""immediate"" type of environment, and this is all accommodating.",en,2026-08-16,5.64.0,scrape,2026-09-22 19:21:11
2723,com.squareup.cash,Cash App,286ea53c-f5ec-477f-b63d-efadd3b49bec,Derick Howell,5,0,I am very satisfied with cash app,I am very satisfied with cash app,en,2026-08-17,5.64.0,scrape,2026-09-22 19:21:11
2638,com.squareup.cash,Cash App,65697230-cf81-42a2-bee2-f6c2448722f5,Wayne Williams,2,1,I 20 dollars on there. they took it they can't find where it went I had no transaction so watch out they still haven't found it,I 20 dollars on there. they took it they can't find where it went I had no transaction so watch out they still haven't found it,en,2026-08-18,5.64.0,scrape,2026-09-22 19:21:11
2648,com.squareup.cash,Cash App,47f18b2f-2725-428c-a0d6-049dff25ac3b,Colleen Spangler,1,1,get an email says my account was unlinked... I try logging in and I'm forced to get brand new card.... stupid,get an email says my account was unlinked... I try logging in and I'm forced to get brand new card.... stupid,en,2026-08-18,5.22.0,scrape,2026-09-22 19:21:11
2591,com.squareup.cash,Cash App,d805924c-39f7-49c0-a68c-2a8de4f4ec35,Mildred,4,0,I like cash app it is easy to yous,I like cash app it is easy to yous,en,2026-08-19,,scrape,2026-09-22 19:21:11
2501,com.squareup.cash,Cash App,a94665b9-0106-4123-bfbc-e37b5d5d0c9f,Edgar Hernandez,4,0,awesome 👍👍,awesome :thumbs_up::thumbs_up:,en,2026-08-21,5.64.0,scrape,2026-09-22 19:21:11
2389,com.squareup.cash,Cash App,8605b4f1-d1e8-4547-a681-11e92db99928,MissHarley76,2,0,The card unlocked/lock feature is malfunctioning. 😑,The card unlocked/lock feature is malfunctioning. :expressionless_face:,en,2026-08-22,5.30.0,scrape,2026-09-22 19:21:11
2249,com.squareup.cash,Cash App,98c104b6-598f-4701-8b4a-1da1cd8391e0,Leon Bryant,1,3,"I had a old cash app account that I could no longer access ,and although I have done all the verification requested of me including opening a new account as well as attaching a current debit card to the new account,cash app refuses to return my funds ,so it looks like we'll be headed to small clams court ,to retrieve over a thousand dollars which they refuse to return.","I had a old cash app account that I could no longer access ,and although I have done all the verification requested of me including opening a new account as well as attaching a current debit card to the new account,cash app refuses to return my funds ,so it looks like we'll be headed to small clams court ,to retrieve over a thousand dollars which they refuse to return.",en,2026-08-24,5.64.0,scrape,2026-09-22 19:21:11
2163,com.squareup.cash,Cash App,1246db18-797d-45dd-b9be-7826969242aa,Gerald Byers,5,0,yes I will tell other,yes I will tell other,en,2026-08-26,5.63.1,scrape,2026-09-22 19:21:11
2139,com.squareup.cash,Cash App,b881a539-c6fc-475e-81bd-8203dbfbcdb0,Benedicta Kumah,4,0,I think we should get free things from here,I think we should get free things from here,en,2026-08-26,5.65.0,scrape,2026-09-22 19:21:11
1999,com.squareup.cash,Cash App,bd670c82-46de-4625-9868-cd5d447e232c,Linda Brown,3,1,I would have given them a better grade but just makes it convenient for people to beg for your money. other than that they deserve five stars.,I would have given them a better grade but just makes it convenient for people to beg for your money. other than that they deserve five stars.,en,2026-08-28,5.66.0,scrape,2026-09-22 19:21:11
2017,com.squareup.cash,Cash App,e8567340-0569-499d-8865-ea4a22590987,George LaCour III,5,0,banking without going to the bank,banking without going to the bank,en,2026-08-28,5.66.0,scrape,2026-09-22 19:21:11
1915,com.squareup.cash,Cash App,8d33d8ec-946c-46c1-9f71-ade72752a638,Jane Lund,1,0,I don't understand why yall want give me a cash app card I have not done anything wrong,I don't understand why yall want give me a cash app card I have not done anything wrong,en,2026-08-30,,scrape,2026-09-22 19:21:11
1897,com.squareup.cash,Cash App,2b9c4228-4921-4f54-8ed5-21e46e1a3265,Florida's Rebecca,2,0,Smart. Easy. Quick. W/investments. Cheap.,Smart. Easy. Quick. W/investments. Cheap.,en,2026-08-30,5.66.0,scrape,2026-09-22 19:21:11
1856,com.squareup.cash,Cash App,402f2fcd-5a1c-4aff-b1aa-efeb621d66ab,Angela Scott,1,4,"The app sucks. It has a very big bug because it keeps popping open when i'm not even using it very disappointed. i can't even play my games talk on the phone.Nothing because the app opens up when it feels like opening up. and look, nobody has a decency to even to respond to my comment from the company.","The app sucks. It has a very big bug because it keeps popping open when i'm not even using it very disappointed. i can't even play my games talk on the phone.Nothing because the app opens up when it feels like opening up. and look, nobody has a decency to even to respond to my comment from the company.",en,2026-08-31,5.66.0,scrape,2026-09-22 19:21:11
1666,com.squareup.cash,Cash App,ffece5b1-eed6-4ac1-98ab-4e0d4d9e4ea9,Pablo Robles III,1,0,"fraud, they never help get your money back from fake online companies","fraud, they never help get your money back from fake online companies",en,2026-09-02,5.67.0,scrape,2026-09-22 19:21:11
1707,com.squareup.cash,Cash App,e8ccd762-dcd4-481a-b7dd-7dea6332b398,Michael Hall,1,1,where is Cash app ever you might as well go to PayPal you wait 14 days for your refund PayPal give it to you in 5 minutes it's a joke I'd never direct deposit anything here any longer,where is Cash app ever you might as well go to PayPal you wait 14 days for your refund PayPal give it to you in 5 minutes it's a joke I'd never direct deposit anything here any longer,en,2026-09-02,5.66.0,scrape,2026-09-22 19:21:11
1648,com.squareup.cash,Cash App,29bc0eba-37dd-49ff-868c-36702562d9b8,Melanie,4,0,"i love the cash app. My checks came in early, and i paid all my bills with it. My phone number i had for three years got deactivated, and i think someone i dont know is receiving my alerts. my cash app account suddenly got deactivated for fraudulant transactions. and now is under investigation. be smart and have a few ways to prove who you are on important accounts.","i love the cash app. My checks came in early, and i paid all my bills with it. My phone number i had for three years got deactivated, and i think someone i dont know is receiving my alerts. my cash app account suddenly got deactivated for fraudulant transactions. and now is under investigation. be smart and have a few ways to prove who you are on important accounts.",en,2026-09-02,5.57.0,scrape,2026-09-22 19:21:11
1645,com.squareup.cash,Cash App,78652ee7-db7a-4c6f-8e3a-b904882defa0,Darlene Brown,2,0,updated cash app version is no longer compatible with my device. This is terrible. is there a way to access the previous version that was working on my phone?,updated cash app version is no longer compatible with my device. This is terrible. is there a way to access the previous version that was working on my phone?,en,2026-09-02,5.66.0,scrape,2026-09-22 19:21:11
1694,com.squareup.cash,Cash App,983da731-6f9b-4036-8e1f-afadafc8773e,Amanda Bates,4,0,"quick, easy. and no 5 spell it alá ML","quick, easy. and no 5 spell it alá ML",en,2026-09-02,5.66.0,scrape,2026-09-22 19:21:11
1553,com.squareup.cash,Cash App,9d5118ae-c890-40d0-95c8-da95f0facdaf,Harrison Neal,3,0,don't like ATM fees on my own money,don't like ATM fees on my own money,en,2026-09-03,5.67.0,scrape,2026-09-22 19:21:11
1612,com.squareup.cash,Cash App,6a104f33-4faf-4391-b94f-949c28bcad4d,Heliox,1,2,"tried to transfer money to my new bank account. when I went into it the next day to make it an instant transfer they decided to send the money back to my original account instead of the one I selected to transfer to in the first place, then support just says we can't do anything.","tried to transfer money to my new bank account. when I went into it the next day to make it an instant transfer they decided to send the money back to my original account instead of the one I selected to transfer to in the first place, then support just says we can't do anything.",en,2026-09-03,5.67.0,scrape,2026-09-22 19:21:11
1515,com.squareup.cash,Cash App,70386356-1bda-410c-97cc-4c54d8764832,Shelly,2,0,if they want yhe pay back on Friday then all day Friday should be a option but the truth is they want it on Thursday not Friday,if they want yhe pay back on Friday then all day Friday should be a option but the truth is they want it on Thursday not Friday,en,2026-09-04,5.67.0,scrape,2026-09-22 19:21:11
1464,com.squareup.cash,Cash App,38d88d64-9d43-4e71-80e4-d6c971bbd84f,Frymac,5,0,i love Cash App it is super easy to use and very convenient,i love Cash App it is super easy to use and very convenient,en,2026-09-04,5.67.0,scrape,2026-09-22 19:21:11
1416,com.squareup.cash,Cash App,d48e1a36-1fb7-46fb-a60d-35a0e4d187ee,Lance Copeland,5,0,cash app is awesome too have,cash app is awesome too have,en,2026-09-05,5.67.0,scrape,2026-09-22 19:21:11
1436,com.squareup.cash,Cash App,a0321bbf-fe90-4eaa-9dba-45fd5f663299,Michael Madison (mikemadi1988),1,0,"Currently working on a lawsuit against them. - CA does not protect its users - CA support is garbage and lies - CA will falsely make allegations against you and just tell you ""you broke TOS""","Currently working on a lawsuit against them. - CA does not protect its users - CA support is garbage and lies - CA will falsely make allegations against you and just tell you ""you broke TOS""",en,2026-09-05,4.48.0,scrape,2026-09-22 19:21:11
1306,com.squareup.cash,Cash App,91c770d1-f14a-45bb-b3c5-13e4c93909d1,Satori Pittman,1,3,if the amount you're spending will leave the remaining balance at less than $1 they wont let the transaction through...💀 YOUR money they wont allow you to spend.,if the amount you're spending will leave the remaining balance at less than $1 they wont let the transaction through...:skull: YOUR money they wont allow you to spend.,en,2026-09-06,5.67.0,scrape,2026-09-22 19:21:11
1344,com.squareup.cash,Cash App,ec0b28aa-1fc3-4282-afb3-c74bc0812258,Steph Davis,5,0,Easy to use and most people prefer it,Easy to use and most people prefer it,en,2026-09-06,5.59.0,scrape,2026-09-22 19:21:11
1259,com.squareup.cash,Cash App,822aad65-5ebe-4fe0-a100-0e348521e7bf,Brandon Kingsbury,3,0,scam alert despite verification when people send me money right away,scam alert despite verification when people send me money right away,en,2026-09-07,5.67.0,scrape,2026-09-22 19:21:11
1151,com.squareup.cash,Cash App,af8cefeb-a4a9-4fb1-99a4-30e988a70035,Lìllie Giĺes,1,0,I did not buy anything for .99. I haven't used my card today!! 🤬🤬🤬,I did not buy anything for .99. I haven't used my card today!! :face_with_symbols_on_mouth::face_with_symbols_on_mouth::face_with_symbols_on_mouth:,en,2026-09-08,5.67.0,scrape,2026-09-22 19:21:11
1158,com.squareup.cash,Cash App,9de32c2a-dab9-4474-b969-fc7534cf2a14,Carol NH,2,0,too many ads and asks for using another app. had to use new app to get $. NOT HAPPY!,too many ads and asks for using another app. had to use new app to get $. NOT HAPPY!,en,2026-09-08,5.67.0,scrape,2026-09-22 19:21:11
1197,com.squareup.cash,Cash App,e9e40b8e-5d01-44e3-9994-f58fa5a69b81,Tajauna Peoples,2,0,"that's not cool, I don't everyone looking at my information","that's not cool, I don't everyone looking at my information",en,2026-09-08,5.67.0,scrape,2026-09-22 19:21:11
908,com.squareup.cash,Cash App,40906522-4717-4e43-a0cc-7f23a876ba88,Mike,1,1,"Cash app took everything, they are evil and it is my life's mission to see them taken down!","Cash app took everything, they are evil and it is my life's mission to see them taken down!",en,2026-09-11,5.67.0,scrape,2026-09-22 19:21:11
911,com.squareup.cash,Cash App,285eb276-5ea6-4105-b426-63b50d94f00f,Peter Neilson,1,0,"sleazy, intrusive app asks for private information with no explanation","sleazy, intrusive app asks for private information with no explanation",en,2026-09-11,5.68.0,scrape,2026-09-22 19:21:11
940,com.squareup.cash,Cash App,a6c14c47-5ffd-4ccc-a3a2-4f545afff4db,Saiquillia Mcginnis,1,0,when I do something it goes off it,when I do something it goes off it,en,2026-09-11,5.68.0,scrape,2026-09-22 19:21:11
795,com.squareup.cash,Cash App,eb61c08f-c954-4d82-933a-63731931223c,Alberto Reynoso,4,0,"I believe is a great app but always is room for improvement at the moment i had no problem with the app, my best regards. Alberto P Reynoso Holston","I believe is a great app but always is room for improvement at the moment i had no problem with the app, my best regards. Alberto P Reynoso Holston",en,2026-09-13,5.68.0,scrape,2026-09-22 19:21:11
814,com.squareup.cash,Cash App,9a92ffd6-bd24-4ec0-a881-840321082773,Charles Willoughby,4,0,My account was suspended for some reason after I used this app for years.🧐🧐🤬🤬😡😡,My account was suspended for some reason after I used this app for years.:face_with_monocle::face_with_monocle::face_with_symbols_on_mouth::face_with_symbols_on_mouth::enraged_face::enraged_face:,en,2026-09-13,5.68.0,scrape,2026-09-22 19:21:11
771,com.squareup.cash,Cash App,1355881f-a4ac-4b0b-abec-fffc5be85d8e,Randee Hart,4,0,So far so good! time will tell!,So far so good! time will tell!,en,2026-09-13,5.68.0,scrape,2026-09-22 19:21:11
794,com.squareup.cash,Cash App,ceb792f7-3ebd-4965-ada7-eee7bb5af2e2,Marsha Hierl,4,0,never got confirming email,never got confirming email,en,2026-09-13,5.68.0,scrape,2026-09-22 19:21:11
800,com.squareup.cash,Cash App,fbba0a39-8a2b-4755-a05b-571d2f11346c,Terry Winburn,4,0,great fit awesome 👍,great fit awesome :thumbs_up:,en,2026-09-13,5.67.0,scrape,2026-09-22 19:21:11
658,com.squareup.cash,Cash App,c077818f-632c-4886-867a-23abd570efdd,Scott Dickens,5,0,it's amazing and I love it plain and simple to be honest,it's amazing and I love it plain and simple to be honest,en,2026-09-14,5.68.0,scrape,2026-09-22 19:21:11
592,com.squareup.cash,Cash App,9ba34a4d-e4bd-447e-8aba-e4a5481d82b7,Kelly Clester,3,0,I love Cashapp when it works properly!,I love Cashapp when it works properly!,en,2026-09-15,5.68.0,scrape,2026-09-22 19:21:11
441,com.squareup.cash,Cash App,57aec938-485e-434a-9463-a0acbea86cf3,Archangelneos,2,0,Whats the point of an app when it can't be used by older phones. I don't buy phones like some rich kid.,Whats the point of an app when it can't be used by older phones. I don't buy phones like some rich kid.,en,2026-09-16,5.20.0,scrape,2026-09-22 19:21:11
472,com.squareup.cash,Cash App,396f6c00-727a-4ace-b35c-d6f255cf6361,Todd Tande,3,0,The hidden atm fees are dumb getting charged for the ATM plus another 2 dollars they dont tell you about. . . still use the app though so just avoid ATMs.,The hidden atm fees are dumb getting charged for the ATM plus another 2 dollars they dont tell you about. . . still use the app though so just avoid ATMs.,en,2026-09-16,5.65.0,scrape,2026-09-22 19:21:11
463,com.squareup.cash,Cash App,e6e97ba8-39c3-4a15-9e05-cde3e863d31d,Misty S. Lewis,2,0,Horrible experience I have to uninstall then reinstall this app is problematic it needs work,Horrible experience I have to uninstall then reinstall this app is problematic it needs work,en,2026-09-16,5.69.0,scrape,2026-09-22 19:21:11
381,com.squareup.cash,Cash App,16dbb8d1-2226-4f25-a222-c295e46caa5a,Kaeli Moonbow,2,1,"Way to easy to get scammed, and then they don't even help you get your money back. then they are making me pay 500 because my money got put into bitcoin.","Way to easy to get scammed, and then they don't even help you get your money back. then they are making me pay 500 because my money got put into bitcoin.",en,2026-09-17,5.69.0,scrape,2026-09-22 19:21:11
296,com.squareup.cash,Cash App,668ea11c-dca4-4a88-8385-afb238d0feb8,Sarahpenny Queen,3,0,my game money never gets loaded,my game money never gets loaded,en,2026-09-18,5.67.0,scrape,2026-09-22 19:21:11
301,com.squareup.cash,Cash App,218e2f1d-5d63-4841-8b44-2f8d0ed12b54,Nick V.,2,1,"good useful app, but it seems app doesn't care if youve been a customer for years and get over $1000 deposited every week. wont allow the borrow feature or increase my overdraft limit even tho i pay back every week. meanwhile i see others who dont get direct deposit or barely get $300 a week deposit and they can either borrow or overdraft $200-$300. makes 0 sense","good useful app, but it seems app doesn't care if youve been a customer for years and get over $1000 deposited every week. wont allow the borrow feature or increase my overdraft limit even tho i pay back every week. meanwhile i see others who dont get direct deposit or barely get $300 a week deposit and they can either borrow or overdraft $200-$300. makes 0 sense",en,2026-09-18,5.69.0,scrape,2026-09-22 19:21:11
231,com.squareup.cash,Cash App,d786c4c1-936b-449d-a472-c5416d8837f2,Michael (Sol),1,0,Why would you make it so people with older phones can't update it? so darn annoying. Some of us don't want to update our dang phones.,Why would you make it so people with older phones can't update it? so darn annoying. Some of us don't want to update our dang phones.,en,2026-09-18,5.20.0,scrape,2026-09-22 19:21:11
205,com.squareup.cash,Cash App,26a7db1d-c20b-45fd-8ba2-f36b3897fcd6,Serigne Ndiaye,3,0,they do not pay back when you make a mistake. customer service is horrible,they do not pay back when you make a mistake. customer service is horrible,en,2026-09-19,5.69.0,scrape,2026-09-22 19:21:11
164,com.squareup.cash,Cash App,1880d064-d276-4fd5-ac5e-aa53994087a4,Joshua Forbes,1,0,"My account was hacked, now I owe cash app 322$. was given no help with the suport team.","My account was hacked, now I owe cash app 322$. was given no help with the suport team.",en,2026-09-19,5.69.0,scrape,2026-09-22 19:21:11
189,com.squareup.cash,Cash App,2664dcb6-fe9d-437a-85ba-4142e9bda8a3,Nancy Eslinger,5,0,I have had on problems good service,I have had on problems good service,en,2026-09-19,5.67.0,scrape,2026-09-22 19:21:11
119,com.squareup.cash,Cash App,95fdde67-907c-4f89-bf97-013d27eb3c90,Vicky,3,0,can't cash checks through the phone.,can't cash checks through the phone.,en,2026-09-19,5.69.0,scrape,2026-09-22 19:21:11
179,com.squareup.cash,Cash App,c97dfd04-c117-464a-980a-b2ba80277aab,roman gomez,2,0,I liked the old way cash app where you can add a title before sending money. still good app thanks,I liked the old way cash app where you can add a title before sending money. still good app thanks,en,2026-09-19,5.69.0,scrape,2026-09-22 19:21:11
9390,notion.id,Notion,539d198e-bd7b-44a2-9aa6-f69fab47cb43,jordyn,4,18,"it's always been a great app but as of this week you can no longer move lines or blocks around, i'm unsure if this is a bug or a new update but it's genuinely so frustrating considering it's such an important feature update as of 06 september 2025: the problem has been fixed with the new update!","it's always been a great app but as of this week you can no longer move lines or blocks around, i'm unsure if this is a bug or a new update but it's genuinely so frustrating considering it's such an important feature update as of 06 september 2025: the problem has been fixed with the new update!",en,2025-09-06,0.6.3247,scrape,2026-09-22 19:21:56
9346,notion.id,Notion,0e05c075-a296-4a1f-868c-d142614aac90,Md. Hasibur Rahman,5,0,Unbelievable!! Thanks a lot..,Unbelievable!! Thanks a lot..,en,2025-09-11,0.6.3259,scrape,2026-09-22 19:21:56
9335,notion.id,Notion,12db9965-96ac-4cd2-900b-7940d7ede363,David Stone,5,0,great way to keep organized notes and keep things ordered.,great way to keep organized notes and keep things ordered.,en,2025-09-12,0.6.3259,scrape,2026-09-22 19:21:56
9310,notion.id,Notion,d8534b53-e414-47e8-98d6-28cd21e119f7,Devil Gaming,5,0,Well it is very helpful and the fact it is free is just really good ☺️☺️,Well it is very helpful and the fact it is free is just really good :smiling_face::smiling_face:,en,2025-09-15,0.6.3259,scrape,2026-09-22 19:21:56
9297,notion.id,Notion,344c6b5a-0b43-48a3-95d6-5528d86e1bc1,moonfower,4,1,Notion has got it all! Yes it can be a little tricky at first but with help of a few templates and my own I really enjoy playing in notion. The only thing I would like is if it would lag less on phone app when you have lots of stuff on your database.,Notion has got it all! Yes it can be a little tricky at first but with help of a few templates and my own I really enjoy playing in notion. The only thing I would like is if it would lag less on phone app when you have lots of stuff on your database.,en,2025-09-16,,scrape,2026-09-22 19:21:56
9243,notion.id,Notion,b657effe-dc1a-48a9-a0db-6bd230a41bc5,Willow J Greenwood,3,2,"Good, but so frustrating. I've worked in the technical field for 30+ years. The product had a great start, but instead of fixing known issues they are all in for AI. I worry they are forgetting the basic product functionality in the pursuit of all things AI.","Good, but so frustrating. I've worked in the technical field for 30+ years. The product had a great start, but instead of fixing known issues they are all in for AI. I worry they are forgetting the basic product functionality in the pursuit of all things AI.",en,2025-09-22,0.6.3190,scrape,2026-09-22 19:21:56
9237,notion.id,Notion,3a29618a-95aa-4387-a974-e797036a37af,Robert Breneg,2,1,Not very compatible with android. works well on Windows.,Not very compatible with android. works well on Windows.,en,2025-09-23,0.6.3277,scrape,2026-09-22 19:21:56
9223,notion.id,Notion,8f04f947-4f04-4242-acd9-e798e5254730,Jace Boechler,1,1,I love Notion but all the AI integration has got to go. The app is only gonna get worse.,I love Notion but all the AI integration has got to go. The app is only gonna get worse.,en,2025-09-24,0.6.3287,scrape,2026-09-22 19:21:56
9225,notion.id,Notion,508cf347-ea99-427c-90a6-8981f90fbb13,Fantastic Fun,2,0,"Would rate 5 stars but I am having so many difficulties uploading a cover to the pages, if fixed, will change to 5 stars.","Would rate 5 stars but I am having so many difficulties uploading a cover to the pages, if fixed, will change to 5 stars.",en,2025-09-24,0.6.3287,scrape,2026-09-22 19:21:56
9200,notion.id,Notion,fb41ec6d-1f4f-4b1f-9a56-17ab1e3eb036,Cris Android cs,1,0,Complicated to understand,Complicated to understand,en,2025-09-27,,scrape,2026-09-22 19:21:56
9126,notion.id,Notion,c1334fc1-d139-4eb4-b7d3-873aa6427288,Makayla Noetzelmann,2,0,"I have it on my computer and it's amazing. I love it for writing books. But when I try to get it on my phone, it won't install. I've tried 4 separate times and it still won't install onto my phone.","I have it on my computer and it's amazing. I love it for writing books. But when I try to get it on my phone, it won't install. I've tried 4 separate times and it still won't install onto my phone.",en,2025-10-05,,scrape,2026-09-22 19:21:56
9036,notion.id,Notion,ac771720-a91b-41ee-9bba-aaa932b6532c,Nagaraj Pandith,5,0,Has been my second brain for 6 years. Love the product!,Has been my second brain for 6 years. Love the product!,en,2025-10-15,0.6.3317,scrape,2026-09-22 19:21:56
9004,notion.id,Notion,11748c17-97db-4368-b412-1645372808a8,My'kiyah Thomas,4,0,don't like how you have to pay to have longer vids but I love this app,don't like how you have to pay to have longer vids but I love this app,en,2025-10-18,0.6.3331,scrape,2026-09-22 19:21:56
8987,notion.id,Notion,47e708d8-fc99-4f3a-ab98-f971317b2b39,Not my Real name,2,0,When I try to type anything on the app it starts lagging,When I try to type anything on the app it starts lagging,en,2025-10-20,,scrape,2026-09-22 19:21:56
8838,notion.id,Notion,8ab984d8-b29c-4437-8ead-ec790750658a,Kerry Austin,1,0,Love the service. Extremely poor mobile experience.,Love the service. Extremely poor mobile experience.,en,2025-11-06,0.6.3392,scrape,2026-09-22 19:21:56
8821,notion.id,Notion,1b500d46-a9f1-40a0-a5bb-b28ca540b4d9,Sivasankaran,2,0,hard to understand,hard to understand,en,2025-11-09,,scrape,2026-09-22 19:21:56
8697,notion.id,Notion,5c9bf7dd-db73-4ade-b7bb-dd3637f5f761,Abdul-salam Busari,2,0,so many features... but what do i use it for??????,so many features... but what do i use it for??????,en,2025-11-24,0.6.3380,scrape,2026-09-22 19:21:56
8584,notion.id,Notion,e1b652b8-bf5a-4cb4-a1d3-df295ebeb33a,Walid khofo Abdelkader,4,0,It will be 5 stars if it is more compatible with Arabic language,It will be 5 stars if it is more compatible with Arabic language,en,2025-12-08,0.6.3462,scrape,2026-09-22 19:21:56
8585,notion.id,Notion,66dcad7b-9038-43e4-b4b9-7fc0e250c85a,Anastasiia Dubinska,3,4,"I genuinely don't understand why people praise this app. The interface is incredibly confusing and unintuitive. Why do I change the name of the note when pressing on its name? Who the hell would want to change the names of their notes 10 times a day? Besides, it's been a couple of months since the app was bugging out every time I'm attaching a picture to a note. It doesn't allow me to attach more pictures until I close and open the app again.","I genuinely don't understand why people praise this app. The interface is incredibly confusing and unintuitive. Why do I change the name of the note when pressing on its name? Who the hell would want to change the names of their notes 10 times a day? Besides, it's been a couple of months since the app was bugging out every time I'm attaching a picture to a note. It doesn't allow me to attach more pictures until I close and open the app again.",en,2025-12-08,,scrape,2026-09-22 19:21:56
8575,notion.id,Notion,7093a25f-16a9-423c-af6e-2d5e85fada99,Rhyz,2,2,"my only [and pretty big] issue with the app is there being no option to disable the AI features, I'm annoyed by the insistence of the AI assistant and wish there was just a little setting I could toggle to make all that just not show up. would recommend otherwise. please just add an AI toggle.","my only [and pretty big] issue with the app is there being no option to disable the AI features, I'm annoyed by the insistence of the AI assistant and wish there was just a little setting I could toggle to make all that just not show up. would recommend otherwise. please just add an AI toggle.",en,2025-12-09,0.6.3472,scrape,2026-09-22 19:21:56
8556,notion.id,Notion,53eed432-b56a-48bf-b08a-e5020ed8b93f,Martin Bonchev,3,0,Copy-pasting To-do lists is terrible!,Copy-pasting To-do lists is terrible!,en,2025-12-12,0.6.3462,scrape,2026-09-22 19:21:56
8530,notion.id,Notion,ccf85c9a-42e4-4303-861d-83b454eb7613,Sadie H,1,3,"Zero Stars honestly. I just downloaded it, signed in, and I can't see anything on the app screen. It's just gray.","Zero Stars honestly. I just downloaded it, signed in, and I can't see anything on the app screen. It's just gray.",en,2025-12-15,0.6.3486,scrape,2026-09-22 19:21:56
8493,notion.id,Notion,a6b35c73-15c9-4482-86b5-3f3eb4b3fa2c,Azar Vkn,4,0,Great for accountability and managing stuffs,Great for accountability and managing stuffs,en,2025-12-19,0.6.3418,scrape,2026-09-22 19:21:56
8485,notion.id,Notion,9999cb01-3501-4bc9-b725-6e19978c8552,Mukul Patil,4,29,"It's the best Second Brain app you could use. I have been using it for years and my life has improved drastically, it changed how I took notes, remembered things and got reminders of things... if you want to save anything you can do that too... I just wish that there were more locally stored embed files you can attach videos and photos instead of uploading it, I wanted to create like a track giving with notes you know what I mean... if it's related voice note or a pic i can just attach that pic","It's the best Second Brain app you could use. I have been using it for years and my life has improved drastically, it changed how I took notes, remembered things and got reminders of things... if you want to save anything you can do that too... I just wish that there were more locally stored embed files you can attach videos and photos instead of uploading it, I wanted to create like a track giving with notes you know what I mean... if it's related voice note or a pic i can just attach that pic",en,2025-12-20,0.6.3494,scrape,2026-09-22 19:21:56
8470,notion.id,Notion,32b7057c-a8b2-4f1d-bcdd-121797d4601e,Dantmilia,1,0,I am upset with the last updates and with irritating AI :(,I am upset with the last updates and with irritating AI :(,en,2025-12-22,0.6.2055,scrape,2026-09-22 19:21:56
8451,notion.id,Notion,4f3d77ca-8a3a-45c6-81ea-1fb2c0b40b43,Fares Yasser,5,0,Thank you,Thank you,en,2025-12-25,0.6.3221,scrape,2026-09-22 19:21:56
8456,notion.id,Notion,5be9f082-7415-4dd0-9870-98edaec42fb9,ZERO TWO,4,0,"one of the best apps i ever used but, it freezes sometimes and i have to close the app and re-open it to make it run again, and it's a little slow in use .","one of the best apps i ever used but, it freezes sometimes and i have to close the app and re-open it to make it run again, and it's a little slow in use .",en,2025-12-25,0.6.3494,scrape,2026-09-22 19:21:56
8432,notion.id,Notion,1703ad51-f4d2-4cb1-88a8-e05fa4b1b061,ashot tovmasyan,4,1,"Loved this and wanted to set it as my main notes app, but I was disappointed the second I saw that AI requires a subscription. Guys, AI is not something exclusive nowadays; let us use it, at least in a limited capacity.","Loved this and wanted to set it as my main notes app, but I was disappointed the second I saw that AI requires a subscription. Guys, AI is not something exclusive nowadays; let us use it, at least in a limited capacity.",en,2025-12-27,0.6.3494,scrape,2026-09-22 19:21:56
8412,notion.id,Notion,8e262099-8b9e-4fcb-a632-98a078607ec3,McDonald Otoyo,5,0,It is simple yet very efficient...Thank you Notion 🤏🏽👏🏽,It is simple yet very efficient...Thank you Notion :pinching_hand_medium_skin_tone::clapping_hands_medium_skin_tone:,en,2025-12-30,0.6.3494,scrape,2026-09-22 19:21:56
8235,notion.id,Notion,a06a0985-8e73-4eb0-91b8-3fe3bd238264,Svetoslav Spasov,4,6,"It is better than Trello and easier to work with than Obsidian. Biggest pro is cross-platform sync and ease of use. If you ever share a workspace with sb, there's an annoying paywall. Easy fix - Settings - People - Remove the other member.","It is better than Trello and easier to work with than Obsidian. Biggest pro is cross-platform sync and ease of use. If you ever share a workspace with sb, there's an annoying paywall. Easy fix - Settings - People - Remove the other member.",en,2026-01-21,0.6.3568,scrape,2026-09-22 19:21:56
8225,notion.id,Notion,bc16b401-55b1-4c33-a5b0-05877922f217,Honoka 222,3,0,trashy af when it doesn't let you copy anything and brings you to the first phrase.,trashy af when it doesn't let you copy anything and brings you to the first phrase.,en,2026-01-23,0.6.3584,scrape,2026-09-22 19:21:56
8176,notion.id,Notion,9641b99c-0ebc-4883-9fa6-43235f3aa30e,Piyush Dhakad,2,0,so complicated four us,so complicated four us,en,2026-01-28,0.6.3588,scrape,2026-09-22 19:21:56
8144,notion.id,Notion,3979cada-a9b6-4479-901c-d20f51b7c7e8,Dana,4,0,"It is really good for notes and would recommend especially if your a studen like me. However on my laptop it is a laggy when im going to open a page, but it is not too much of a problem that I wouldn't use the app. Overall pretty good","It is really good for notes and would recommend especially if your a studen like me. However on my laptop it is a laggy when im going to open a page, but it is not too much of a problem that I wouldn't use the app. Overall pretty good",en,2026-01-31,0.6.3588,scrape,2026-09-22 19:21:56
8078,notion.id,Notion,ab496a68-90c8-4894-9b4c-ffc59c35faa2,Mohammad Saad,5,3,"simply amazing, but the only limitation right now I feel is no daily free credit for Notion AI for free tier accounts. I strongly feel that there should be some.","simply amazing, but the only limitation right now I feel is no daily free credit for Notion AI for free tier accounts. I strongly feel that there should be some.",en,2026-02-10,0.6.3624,scrape,2026-09-22 19:21:56
8051,notion.id,Notion,3fb4385f-e99f-4c12-83e9-7f45c209639c,Taaf Modrik,1,0,totally useless and wastage of time,totally useless and wastage of time,en,2026-02-13,0.6.3634,scrape,2026-09-22 19:21:56
7991,notion.id,Notion,fc63a4dd-dd5b-460f-87be-da1f5d94a3c2,Chelsea Uzomah,2,3,"After the last three updates, it is now unusable on my tablet. I have the latest android version, updated the app on my tablet and mobile phone, all it does is hand then kick me out.","After the last three updates, it is now unusable on my tablet. I have the latest android version, updated the app on my tablet and mobile phone, all it does is hand then kick me out.",en,2026-02-20,0.6.2513,scrape,2026-09-22 19:21:56
7989,notion.id,Notion,182092b8-5b7d-4449-8e0f-2bbae58b11bb,Murilo Pagliuso (DarkCeptor44),3,12,"On Windows it's great, on Android it's very buggy, sometimes the keyboard disappears when you're about to type something, and it can happen like four times in a row, it also disappears and reappears whenever you erase a line and it's very annoying when you're typing fast after erasing. The pages take a while to fully load, and the syncing takes even longer, sometimes I have to wait 30 seconds before changing anything because I don't know if it's the latest that I'm looking at.","On Windows it's great, on Android it's very buggy, sometimes the keyboard disappears when you're about to type something, and it can happen like four times in a row, it also disappears and reappears whenever you erase a line and it's very annoying when you're typing fast after erasing. The pages take a while to fully load, and the syncing takes even longer, sometimes I have to wait 30 seconds before changing anything because I don't know if it's the latest that I'm looking at.",en,2026-02-20,0.6.3658,scrape,2026-09-22 19:21:56
7963,notion.id,Notion,878ff680-e7e3-4cbb-8f19-c1c41b97cf0d,missionario jose,4,3,"The app is really good. It keeps pushing AI ""solutions"" which is really annoying","The app is really good. It keeps pushing AI ""solutions"" which is really annoying",en,2026-02-22,0.6.3658,scrape,2026-09-22 19:21:56
7916,notion.id,Notion,48c46c1a-b893-42e6-9ffd-72bf76bcad65,Purushotham M,4,0,good to carry and edit at any time,good to carry and edit at any time,en,2026-02-25,0.6.3664,scrape,2026-09-22 19:21:56
7914,notion.id,Notion,d63065b3-93ba-4c49-aa4e-ec5215a9a0ab,Iver (Royalhare),3,2,"It's a pretty good app, but there's no way to disable or hide the AI assistant if you are not interested in using it at all.","It's a pretty good app, but there's no way to disable or hide the AI assistant if you are not interested in using it at all.",en,2026-02-25,0.6.3670,scrape,2026-09-22 19:21:56
7872,notion.id,Notion,a7541cf0-8eed-4ec8-af1f-d2797ec68eac,Aryan,2,1,The app on phone is so buggy,The app on phone is so buggy,en,2026-03-01,0.6.3670,scrape,2026-09-22 19:21:56
7867,notion.id,Notion,db62274a-d897-475e-8a9e-2a855fa76f65,Babs Powers,2,8,"App is becoming unusable. It's bad enough constantly being told of new notifications when there are none, or that I'm offline when I'm literally connected to my Wi-Fi. Now it often takes up to 5 minutes to upload an image, and I often can't see any images I've uploaded.","App is becoming unusable. It's bad enough constantly being told of new notifications when there are none, or that I'm offline when I'm literally connected to my Wi-Fi. Now it often takes up to 5 minutes to upload an image, and I often can't see any images I've uploaded.",en,2026-03-02,0.6.3670,scrape,2026-09-22 19:21:56
7837,notion.id,Notion,57e613db-6daf-4329-9763-95753d1d669f,Malik Imran,3,0,thankx,thankx,en,2026-03-05,0.6.3658,scrape,2026-09-22 19:21:56
7831,notion.id,Notion,9e519ea8-42b4-4b5b-8457-9c569eb4c056,Bruno 7,2,11,"can't believe I'm saying this, especially after using Notion for so long. but notion is somewhat a disappointment. basic functions are mission on a app that should have by default. you can't align text, or modify page title colors. the menus are awful, you press return and instead of collapsing the current menu, it falls back to the previous page. never thought notion would be so underwhelming.","can't believe I'm saying this, especially after using Notion for so long. but notion is somewhat a disappointment. basic functions are mission on a app that should have by default. you can't align text, or modify page title colors. the menus are awful, you press return and instead of collapsing the current menu, it falls back to the previous page. never thought notion would be so underwhelming.",en,2026-03-06,0.6.3684,scrape,2026-09-22 19:21:56
7795,notion.id,Notion,c42d59a2-bbed-4e92-a8bf-ac71c7b1a44d,Harinder Singh,3,3,There is a bug for the last two updates where i cannot edit the property. it is very annoying so please update and fix the problem,There is a bug for the last two updates where i cannot edit the property. it is very annoying so please update and fix the problem,en,2026-03-11,0.6.3696,scrape,2026-09-22 19:21:56
7766,notion.id,Notion,62364d5a-092c-4d9c-abe2-d786e261faec,Younus Teib,3,0,👍👍👎,:thumbs_up::thumbs_up::thumbs_down:,en,2026-03-14,0.6.3540,scrape,2026-09-22 19:21:56
7761,notion.id,Notion,223c260e-78d4-407c-84e0-8be928c59175,Yash Bhardwaj,1,4,"i recently downloaded the notion app in my phone and now in one or two days the app is lagging too much hanging to much from day one I thought it will work smoothly but it doesn't work smoothly I am very disappointed by the app. first i thought it is a network issue but that was a mis inception i request the notion team to make it optimized, smooth and work properly","i recently downloaded the notion app in my phone and now in one or two days the app is lagging too much hanging to much from day one I thought it will work smoothly but it doesn't work smoothly I am very disappointed by the app. first i thought it is a network issue but that was a mis inception i request the notion team to make it optimized, smooth and work properly",en,2026-03-14,0.6.3151,scrape,2026-09-22 19:21:56
7726,notion.id,Notion,acd2925a-ff0b-49ce-9016-19cb86eeac1a,Rizal Pambudi,5,8,Simply Upset. Notion Freezes at Splash Screen and won't ever load. The app has been like this since two updates ago. Please Fix this Notion Team.,Simply Upset. Notion Freezes at Splash Screen and won't ever load. The app has been like this since two updates ago. Please Fix this Notion Team.,en,2026-03-18,0.6.3634,scrape,2026-09-22 19:21:56
7712,notion.id,Notion,5b265bbc-306b-487a-9f93-73ec61b048c2,Ayman Salah,1,0,worthless and they made a big hype for zero value,worthless and they made a big hype for zero value,en,2026-03-19,0.6.3717,scrape,2026-09-22 19:21:56
7665,notion.id,Notion,e126c1f2-81e1-4f67-8b15-71eaa647b7a8,Chitti Creator,5,0,extraordinary super application .👌👌,extraordinary super application .:OK_hand::OK_hand:,en,2026-03-24,0.6.3735,scrape,2026-09-22 19:21:56
7616,notion.id,Notion,6758554c-1bff-4847-ae5d-06b7c9277873,Benjamin Bergstrom,1,0,I don't want your AI and I want proper Linux support. Maybe then I'll use your spyware,I don't want your AI and I want proper Linux support. Maybe then I'll use your spyware,en,2026-03-31,0.6.2274,scrape,2026-09-22 19:21:56
7599,notion.id,Notion,73538445-7702-47bf-8641-f6ce6aca0fa7,Jonathan Barrow,4,3,"I feel like progress just fell off a cliff. Notion went from pushing boundaries to 0 innovation. I still enjoy using it, but whatever happened to notion calendars and building out an ecosystem for users. looking back to earlier days, it seems like a sharp fall off in R&D once notion got market saturation and that seems like a missed opportunity.","I feel like progress just fell off a cliff. Notion went from pushing boundaries to 0 innovation. I still enjoy using it, but whatever happened to notion calendars and building out an ecosystem for users. looking back to earlier days, it seems like a sharp fall off in R&D once notion got market saturation and that seems like a missed opportunity.",en,2026-04-02,0.6.3760,scrape,2026-09-22 19:21:56
7564,notion.id,Notion,e6ccfc6a-0dbf-418a-a180-429918098cc3,Hein Dheil Fernandez,5,3,"Absolute peak. I mastered myself because I got notion helping me keep things organized in life, and helped me keep track of my habits. never once thought an App i gave so insignificant thought about— could change me entirely just from installing it once. thanks!🤞","Absolute peak. I mastered myself because I got notion helping me keep things organized in life, and helped me keep track of my habits. never once thought an App i gave so insignificant thought about— could change me entirely just from installing it once. thanks!:crossed_fingers:",en,2026-04-07,0.6.3772,scrape,2026-09-22 19:21:56
7556,notion.id,Notion,8b03a600-c4db-47de-9f0b-b6821658b04d,Chandra Hariadi,1,2,Bro fix ur app come on. Its glitchy af.,Bro fix ur app come on. Its glitchy af.,en,2026-04-08,0.6.3772,scrape,2026-09-22 19:21:56
7541,notion.id,Notion,91796554-e8bb-4e20-bdba-168b142ffb80,Sea,3,1,"In theory, You can use Notion for anything but...I feel something lag in my phone.","In theory, You can use Notion for anything but...I feel something lag in my phone.",en,2026-04-10,0.6.3772,scrape,2026-09-22 19:21:56
7516,notion.id,Notion,0a990c19-a4db-4446-883c-831edcf46d74,Reynata,3,1,"2 significant bugs: 1. Plus button beside the AI doesn't work. It does nothing. Tried reinstalling, relogin, delete cache, and other solutions the AI gave didn't work. Without it, the app becomes a glorified writing app. I'm on Redmi 13 Note 5G 2. I use 12 keys Japanese keyboard, when I type the first letter of a paragraph, I can't make it uppercase. The button to do it just doesn't appear. Never had such a problem with any other site. Not as big a problem, but real annoying either way","2 significant bugs: 1. Plus button beside the AI doesn't work. It does nothing. Tried reinstalling, relogin, delete cache, and other solutions the AI gave didn't work. Without it, the app becomes a glorified writing app. I'm on Redmi 13 Note 5G 2. I use 12 keys Japanese keyboard, when I type the first letter of a paragraph, I can't make it uppercase. The button to do it just doesn't appear. Never had such a problem with any other site. Not as big a problem, but real annoying either way",en,2026-04-14,,scrape,2026-09-22 19:21:56
7504,notion.id,Notion,a52d61a6-3fe3-41d4-80df-54d4ea3bee12,Johan Joosep Labi,3,1,"slow and buggy, pages take a long time to load","slow and buggy, pages take a long time to load",en,2026-04-17,0.6.3786,scrape,2026-09-22 19:21:56
7484,notion.id,Notion,6c06630d-7aaf-4b4c-9ae2-00864d19f76c,Bo Lingen,2,98,"Editing and the actual notes experience is ok, but it has some annoyances. It's also now trying to be ""helpful"" by detecting Microsoft Intune and offering to log in through it. I say no but Notion doesn't remember or respect that answer. I'd prefer it not to sniff other apps on my device at all.","Editing and the actual notes experience is ok, but it has some annoyances. It's also now trying to be ""helpful"" by detecting Microsoft Intune and offering to log in through it. I say no but Notion doesn't remember or respect that answer. I'd prefer it not to sniff other apps on my device at all.",en,2026-04-19,0.6.3786,scrape,2026-09-22 19:21:56
7454,notion.id,Notion,47962ae2-9030-4fec-a1e2-eab822620e9e,Samuel Gélineau,4,1,"The April 22 release is completely broken, I get an infinite spinner when trying to load any project or any page","The April 22 release is completely broken, I get an infinite spinner when trying to load any project or any page",en,2026-04-23,0.6.3799,scrape,2026-09-22 19:21:56
7409,notion.id,Notion,c76b00b5-16c9-4786-b43e-644f996a71fb,Gaurav Raj,3,1,"login Backup , one word big , no ad , custom folder , horizontal folder, like keep notes","login Backup , one word big , no ad , custom folder , horizontal folder, like keep notes",en,2026-05-04,0.6.3826,scrape,2026-09-22 19:21:56
7388,notion.id,Notion,eb80db04-ddc6-4c96-b30d-50290eb461e7,Jacek Tomaszewski,3,1,recently I can't submit posts or comments or lookup pages via notion mobile app,recently I can't submit posts or comments or lookup pages via notion mobile app,en,2026-05-08,0.6.3836,scrape,2026-09-22 19:21:56
7379,notion.id,Notion,bbe00910-925c-4642-a67c-430ae2044e35,Kash,1,2,love notion. use it daily. pay for business for 2 seats. however android app is bordline unusable. non responsive several times a day and this super annoying offline bug where it says im in offline mode until I close and restart the app. uploading images is also 50/50,love notion. use it daily. pay for business for 2 seats. however android app is bordline unusable. non responsive several times a day and this super annoying offline bug where it says im in offline mode until I close and restart the app. uploading images is also 50/50,en,2026-05-09,0.6.3836,scrape,2026-09-22 19:21:56
7357,notion.id,Notion,a30299ab-b672-4e1d-b482-cff18b7ebea6,JoJo,1,8,"App has become extremely unusable ever since they started integrating AI. Maybe it's a coincidence but it was never this bad. Everything lags, it takes so much RAM, back button brings you out the whole menu till the start. filters don't work. PLEASE FIX YOUR APP","App has become extremely unusable ever since they started integrating AI. Maybe it's a coincidence but it was never this bad. Everything lags, it takes so much RAM, back button brings you out the whole menu till the start. filters don't work. PLEASE FIX YOUR APP",en,2026-05-11,0.6.3836,scrape,2026-09-22 19:21:56
7348,notion.id,Notion,1ed7e8b2-e50c-4f9d-af79-05007a3f9d9c,Fouzia Qabul,5,1,excellent and user friendly interface,excellent and user friendly interface,en,2026-05-12,0.6.3760,scrape,2026-09-22 19:21:56
7319,notion.id,Notion,3dffd1a9-714c-4c2c-a5db-759302e2f0c8,Harun Kalli,1,6,"There are so many bugs. Because of this, my work is constantly delayed. It's a waste of time.","There are so many bugs. Because of this, my work is constantly delayed. It's a waste of time.",en,2026-05-15,0.6.3862,scrape,2026-09-22 19:21:56
7293,notion.id,Notion,6ac9c582-d89a-45c8-8f81-41b513396b5c,Khandaker Rushad,5,0,My life has got a great rebirth after getting this Notion app. (Hand up! No more words 🙌🏻),My life has got a great rebirth after getting this Notion app. (Hand up! No more words :raising_hands_light_skin_tone:),en,2026-05-17,0.6.3870,scrape,2026-09-22 19:21:56
7285,notion.id,Notion,23207681-2c37-476f-b8dc-a968d2ce578d,B T,1,1,"cant copy anything, deletes my notes if I leave screen. sucks. moving away","cant copy anything, deletes my notes if I leave screen. sucks. moving away",en,2026-05-18,0.6.3870,scrape,2026-09-22 19:21:56
7275,notion.id,Notion,b82273fc-ef9c-4720-b13c-d677416ee11e,Jaiden Jansen,4,0,"The ultimate second brain, now with superpowers. Notion is already an incredible workspace for notes and databases, but its AI integration elevates it completely. The AI agent features—which can summarize long pages, autofill database properties, and answer questions across your entire workspace and connected apps—are massive timesavers. It is brilliant for project management. The mobile app can still feel a bit heavy and slow to load complex pages, but the AI utility is unmatched.","The ultimate second brain, now with superpowers. Notion is already an incredible workspace for notes and databases, but its AI integration elevates it completely. The AI agent features—which can summarize long pages, autofill database properties, and answer questions across your entire workspace and connected apps—are massive timesavers. It is brilliant for project management. The mobile app can still feel a bit heavy and slow to load complex pages, but the AI utility is unmatched.",en,2026-05-19,,scrape,2026-09-22 19:21:56
7258,notion.id,Notion,3df896cb-7397-4a96-ae2e-c67d927adca2,Ragavan R,5,0,This App is very useful for scheduling my daily habits.,This App is very useful for scheduling my daily habits.,en,2026-05-21,0.6.3858,scrape,2026-09-22 19:21:56
7243,notion.id,Notion,61a07a27-dc2c-40b5-b0fc-af7a99e73999,Kit,1,1,hate,hate,en,2026-05-23,0.6.3880,scrape,2026-09-22 19:21:56
7230,notion.id,Notion,7d0e4748-7aa4-4d18-bd4c-51199a50ddcd,Ayush,4,0,nice for management,nice for management,en,2026-05-24,0.6.3880,scrape,2026-09-22 19:21:56
7208,notion.id,Notion,75294a26-b363-46e1-9b4b-fbb67ce9ba64,Romanos Skiadas,1,5,stop forcing AI down my throat thx,stop forcing AI down my throat thx,en,2026-05-27,0.6.3896,scrape,2026-09-22 19:21:56
7134,notion.id,Notion,df6150b8-8a36-4447-a079-148d2eac2029,Paul Mckenna,2,5,"On a page block the background colour menu doesn't scroll, popup window is frozen. Also the Action menu is frozen and won't swipe down. Samsung galaxy s20","On a page block the background colour menu doesn't scroll, popup window is frozen. Also the Action menu is frozen and won't swipe down. Samsung galaxy s20",en,2026-06-05,0.6.3911,scrape,2026-09-22 19:21:56
7038,notion.id,Notion,03eaec45-2b06-4aa7-8f9d-37b20b3dd51d,Siddharth Verma,1,1,Holy cow exports take longer than heat death of the universe. Desktop app for the win.,Holy cow exports take longer than heat death of the universe. Desktop app for the win.,en,2026-06-19,0.6.3943,scrape,2026-09-22 19:21:56
7007,notion.id,Notion,024bc424-5265-4f38-800f-2cce7b1b7122,Reza,3,1,it has some delay through connecting to servers and respond,it has some delay through connecting to servers and respond,en,2026-06-23,0.6.3948,scrape,2026-09-22 19:21:56
7004,notion.id,Notion,6007089f-aec2-4cf9-aa8f-7a4c0ac335a7,Lauren Hamilton,5,1,support productivity app,support productivity app,en,2026-06-24,0.6.3956,scrape,2026-09-22 19:21:56
7000,notion.id,Notion,ba2c8e17-732c-4706-8f48-6676a4c5a1bd,Samuel Mangas,5,2,"its mostly online, can be downloaded. has some quirks, but its good for haveing 5-10 notes in 1 note folder. better for keeping track of different things on a single topic","its mostly online, can be downloaded. has some quirks, but its good for haveing 5-10 notes in 1 note folder. better for keeping track of different things on a single topic",en,2026-06-24,0.6.3956,scrape,2026-09-22 19:21:56
6961,notion.id,Notion,dbcdce20-3162-4ded-9a48-1baa4e9c90f4,Fx Royalty,4,0,best of the best,best of the best,en,2026-06-29,0.6.3743,scrape,2026-09-22 19:21:56
6911,notion.id,Notion,84564d6e-29ab-4639-910b-b3f18ee0ef59,Zyan Lee,5,0,Awesome app. I've nothing much to say 😅.,Awesome app. I've nothing much to say :grinning_face_with_sweat:.,en,2026-07-07,0.6.3974,scrape,2026-09-22 19:21:56
6868,notion.id,Notion,d401ce04-f1bd-43f3-a422-027149b3aaec,Yuliana,3,4,"It works great for what I need, and I really like the options and the widgets I can use, but it is slow to load the images added to the cover of the list items. It also glitches when exiting items and fails to switch workspaces sometimes.","It works great for what I need, and I really like the options and the widgets I can use, but it is slow to load the images added to the cover of the list items. It also glitches when exiting items and fails to switch workspaces sometimes.",en,2026-07-12,0.6.3995,scrape,2026-09-22 19:21:56
6841,notion.id,Notion,9826a80a-66b1-4cba-a9dc-23d84c24d583,Jenna September,3,1,would be great if it worked.,would be great if it worked.,en,2026-07-16,0.6.4006,scrape,2026-09-22 19:21:56
6826,notion.id,Notion,9981b4fc-7d2b-412d-bbde-9bcdac0762b5,brah why you do this,2,2,"I like the app, but i really wish i could disable all the ai features, I don't want to even see them. it's super annoying.","I like the app, but i really wish i could disable all the ai features, I don't want to even see them. it's super annoying.",en,2026-07-18,0.6.4006,scrape,2026-09-22 19:21:56
6810,notion.id,Notion,ea3bb245-01b2-48af-b093-ac1426039349,Nick Cunningham,1,0,app has slowed wayyyyy down,app has slowed wayyyyy down,en,2026-07-20,0.6.3995,scrape,2026-09-22 19:21:56
6800,notion.id,Notion,7e7ce8b3-2ea2-4ab2-8b68-146a1a2cad0b,Jesús Armando Contreras,5,1,honestly one of the best discoveries I've made this year. it's extremely snappy and has a pretty great mobile layout.,honestly one of the best discoveries I've made this year. it's extremely snappy and has a pretty great mobile layout.,en,2026-07-21,0.6.4006,scrape,2026-09-22 19:21:56
6794,notion.id,Notion,1d37a203-1096-40b6-8206-0faf0c53a96c,Ally Little Girl,4,0,can you please fix the bug we're I go to house/drom cuz it's not loading but idk if all the options not loading but yea please fix it giving it 4 stars for that,can you please fix the bug we're I go to house/drom cuz it's not loading but idk if all the options not loading but yea please fix it giving it 4 stars for that,en,2026-07-22,0.6.4014,scrape,2026-09-22 19:21:56
6785,notion.id,Notion,db43c654-8615-4559-82a1-4d2abceb3241,Akashia,5,0,"I love this app, I use it for my business and for keeping my home stuff organized. Love making it as pretty or as plain as I need.","I love this app, I use it for my business and for keeping my home stuff organized. Love making it as pretty or as plain as I need.",en,2026-07-23,0.6.4014,scrape,2026-09-22 19:21:56
6752,notion.id,Notion,ed7ef228-3548-4d0c-8ce3-69269cc4e8c8,Caleb V,3,6,"It's good and easy to keep organized but for the love of god, make ""select all"" select all. It's extremely annoying that select all only selects a paragraph and scrolling to copy multiple paragraphs of text is nearly impossible when the selection springs back to only the first paragraph. Once this is fixed, I'll change it to 5 stars because it really is an otherwise great app. Would also be handy to have a ""disable AI features"" toggle. I have no interest in AI and they just clog up the UI.","It's good and easy to keep organized but for the love of god, make ""select all"" select all. It's extremely annoying that select all only selects a paragraph and scrolling to copy multiple paragraphs of text is nearly impossible when the selection springs back to only the first paragraph. Once this is fixed, I'll change it to 5 stars because it really is an otherwise great app. Would also be handy to have a ""disable AI features"" toggle. I have no interest in AI and they just clog up the UI.",en,2026-07-27,0.6.4024,scrape,2026-09-22 19:21:56
6709,notion.id,Notion,4f5265db-5583-41b5-92b3-dfe5ef0749d6,abigail,2,0,"I had it for years and it was amazing until my pages and texts kept on getting deleted keep in mind nobody touched the delete button, it's getting annoying at this point someone fix it","I had it for years and it was amazing until my pages and texts kept on getting deleted keep in mind nobody touched the delete button, it's getting annoying at this point someone fix it",en,2026-08-01,,scrape,2026-09-22 19:21:56
6702,notion.id,Notion,b5ddcc52-2924-4d7a-9eff-ee6a2fda2db7,Seanna Cj Ramírez,4,5,"I recently downloaded this app, and I already loved it very much! it's free and offers you tons of options and templates. However, as much as I would like to give it a 5 star. I have a difficult time editing it on my phone, especially resizing imagines. Anyways 9/10!","I recently downloaded this app, and I already loved it very much! it's free and offers you tons of options and templates. However, as much as I would like to give it a 5 star. I have a difficult time editing it on my phone, especially resizing imagines. Anyways 9/10!",en,2026-08-02,0.6.4030,scrape,2026-09-22 19:21:56
6661,notion.id,Notion,5b5f2827-ae49-44d9-a850-0b833074db57,Melissa,2,0,loved this app until it became subscription AI slop.,loved this app until it became subscription AI slop.,en,2026-08-06,0.6.4050,scrape,2026-09-22 19:21:56
6635,notion.id,Notion,2846bf3d-0f03-4932-946a-01067f4429dd,Goktug Erol,1,0,"Everything on my phone is up to date but I get this error message: Your browser is not compatible with Notion. Please upgrade to the latest browser version, or visit our help center for more information. I reinstalled the app and nothing changed.","Everything on my phone is up to date but I get this error message: Your browser is not compatible with Notion. Please upgrade to the latest browser version, or visit our help center for more information. I reinstalled the app and nothing changed.",en,2026-08-10,0.6.4068,scrape,2026-09-22 19:21:56
6627,notion.id,Notion,4fcf1311-b862-4a9e-a50e-0dec700bac6c,Yogi Arif Widodo,2,0,bug when copy long text drag from bottom to top . when reach on top it's automatic scroll down and not selected all contain on page . please fix it,bug when copy long text drag from bottom to top . when reach on top it's automatic scroll down and not selected all contain on page . please fix it,en,2026-08-11,0.6.4050,scrape,2026-09-22 19:21:56
6535,notion.id,Notion,197e5a65-444e-4f57-b837-10a06e722515,Adrien Ruault,1,0,So slow and very often bugs,So slow and very often bugs,en,2026-08-25,0.6.4068,scrape,2026-09-22 19:21:56
6522,notion.id,Notion,bffb4285-ae28-4263-bdad-a12e3446b388,Shishu Kumar Guin,2,0,keeps crashing every time I open it,keeps crashing every time I open it,en,2026-08-27,0.6.4091,scrape,2026-09-22 19:21:56
6505,notion.id,Notion,eb6d39c7-4f41-4373-b14a-cec7d151f588,Mathew “Ray” Varkki,2,1,"Was a great app and service. But it got worse and worse: things are unreliable (sites not loading or incorrectly, syncing not working at times, got harder to navigate) amd feature wise it stagnated as well. Only the AI agent gets updates. But the everyday basic use has suffered a lot in my experience","Was a great app and service. But it got worse and worse: things are unreliable (sites not loading or incorrectly, syncing not working at times, got harder to navigate) amd feature wise it stagnated as well. Only the AI agent gets updates. But the everyday basic use has suffered a lot in my experience",en,2026-08-29,0.6.4100,scrape,2026-09-22 19:21:56
6503,notion.id,Notion,95bde37f-b4a9-4931-a7d4-85b6ffd2833f,Vinci S,3,0,"is there a bug? I can't add pages, it just goes to the trash","is there a bug? I can't add pages, it just goes to the trash",en,2026-08-29,,scrape,2026-09-22 19:21:56
6446,notion.id,Notion,763ca5b1-d0df-4d8b-afa3-bd1e314ed0a3,Oluwole Joshua,5,0,really love notion. no complaints so far,really love notion. no complaints so far,en,2026-09-06,0.6.4091,scrape,2026-09-22 19:21:56
6433,notion.id,Notion,bbc48152-a6c9-4637-826b-529fa34bc7f2,Rays,4,0,One of The best For Productivity !,One of The best For Productivity !,en,2026-09-08,0.6.4114,scrape,2026-09-22 19:21:56
6420,notion.id,Notion,0a381e43-fca7-4784-b7dc-88bbb40ee419,James Agnew,3,0,The app on your phone has some annoying limitations which means you still need to log into your account on a computer.,The app on your phone has some annoying limitations which means you still need to log into your account on a computer.,en,2026-09-09,0.6.4137,scrape,2026-09-22 19:21:56
6395,notion.id,Notion,63b82d90-4b1f-4344-b9ee-bb3d23b7102b,{Ashley_ glitch},5,1,I LOVE this notes app! I love how it works! although my only slight compain is it is a bit laggy sometimes:/ but it could be my phone lol >;D,I LOVE this notes app! I love how it works! although my only slight compain is it is a bit laggy sometimes:/ but it could be my phone lol >;D,en,2026-09-13,0.6.4137,scrape,2026-09-22 19:21:56
